id_a,id_b,x,y,dtheta
1,3,1.1951305593114556,-0.04811450645233812,0.0
1,3,1.1945786793891573,-0.048044387335230296,0.0
1,3,1.1942679218923151,-0.04810342614600799,0.0
0,3,2.1665807417067566,0.12507455411686194,0.0
0,1,1.3174929751723914,0.4337404618861359,-0.10601669555666846
0,3,2.124161223421764,0.12174427949774637,0.0
0,1,1.3183643854843012,0.43488058766784193,-0.08641289518325419
0,3,2.1373757802204043,0.12346908732713209,0.0
1,3,1.1939023522994723,-0.04798547248158738,0.0
0,3,2.152192273291512,0.12126438497065754,0.0
2,3,2.120647545732188,-0.15070622068735065,0.0
2,1,1.2991882192269208,-0.5610228396933064,0.27028342790934595
2,3,2.1081609758306015,-0.1514578772258422,0.0
2,1,1.2894279779352271,-0.5586543557149048,0.2508617134527911
2,3,2.114177818408786,-0.15123671302535308,0.0
0,1,1.3142887384169726,0.43387984167546156,-0.07078358363354353
2,1,1.2888849276520296,-0.5589294151228135,0.23526868018997849
2,3,2.120647545732188,-0.15070622068735065,0.0
0,1,1.3174929751723914,0.4337404618861359,-0.10601669555666846
0,3,2.124161223421764,0.12174427949774637,0.0
0,3,2.152192273291512,0.12126438497065754,0.0
2,1,1.2998179717468743,-0.5625588523620793,0.24627063760978338
2,3,2.094994880050029,-0.15078560719717393,0.0
2,1,1.2909953815159796,-0.5595707401249215,0.2363785888398609
0,3,2.1317348527985773,0.11996479273499629,0.0
0,3,2.1257306585124294,0.1219278603039448,0.0
2,3,2.1308534807007606,-0.14982494941317998,0.0
2,1,1.2896174167304462,-0.5590505297098861,0.24036636352795523
2,3,2.1252001766039377,-0.1507962031265059,0.0
2,1,1.2896174167304462,-0.5590505297098861,0.24036636352795523
2,3,2.1252001766039377,-0.1507962031265059,0.0
2,1,1.3063496749829264,-0.5652955378159665,0.24810172943368847
2,3,2.1296841226185346,-0.14951009806553253,0.0
2,1,1.290656469681233,-0.5595822196668346,0.2267276387558198
2,3,2.135171395066348,-0.1514155147937793,0.0
1,3,1.195352122412821,-0.048157797055059355,0.0
1,3,1.1949229674495598,-0.04805927223105467,0.0
1,3,1.1951819443667397,-0.04802660287743516,0.0
1,3,1.1944310137598522,-0.048026149197507695,0.0
1,3,1.195087689087109,-0.048215020662364036,0.0
1,3,1.1958447883423455,-0.048186267539336365,0.0
1,3,1.195373086221793,-0.04813106275242592,0.0
1,3,1.195521389490736,-0.048181848615963016,0.0
1,3,1.195352122412821,-0.048157797055059355,0.0
1,3,1.19500738733029,-0.04800562782316188,0.0
1,3,1.1956071814078135,-0.048019323141557047,0.0
2,1,1.3040381695278869,-0.5647846131751436,0.2427819981104275
2,3,2.122291226574345,-0.14971131886034025,0.0
2,1,1.308252697615376,-0.5654134869443994,0.2670547978696343
2,3,2.097096060360072,-0.1510646858078229,0.0
1,3,1.19500738733029,-0.04800562782316188,0.0
1,3,1.1956071814078135,-0.048019323141557047,0.0
2,1,1.2935314098321977,-0.5627021369160082,0.21231947573922974
1,3,1.1949229674495598,-0.04805927223105467,0.0
1,3,1.19500738733029,-0.04800562782316188,0.0
1,3,1.1956071814078135,-0.048019323141557047,0.0
2,3,2.1152255412056404,-0.15222127584190018,0.0
1,3,1.1953258692831215,-0.04814844909486225,0.0
1,3,1.1953258692831215,-0.04814844909486225,0.0
1,3,1.1953258692831215,-0.04814844909486225,0.0
2,1,1.317295254410392,-0.5695929480732386,0.25270858342873703
2,3,2.102007768796638,-0.14905495771046587,0.0
2,1,1.290656469681233,-0.5595822196668346,0.2267276387558198
2,3,2.135171395066348,-0.1514155147937793,0.0
2,1,1.290656469681233,-0.5595822196668346,0.2267276387558198
2,3,2.135171395066348,-0.1514155147937793,0.0
2,1,1.2947665270542266,-0.56123538398629,0.2283582427162271
2,1,1.2947665270542266,-0.56123538398629,0.2283582427162271
2,3,2.1379157892070815,-0.15131876674466696,0.0
2,1,1.3040381695278869,-0.5647846131751436,0.2427819981104275
2,3,2.122291226574345,-0.14971131886034025,0.0
2,1,1.2909474309823987,-0.559816980159651,0.24483117362991416
2,3,2.143880458587455,-0.1518810104077091,0.0
2,1,1.2935314098321977,-0.5627021369160082,0.21231947573922974
2,3,2.1152255412056404,-0.15222127584190018,0.0
2,3,2.1379157892070815,-0.15131876674466696,0.0
2,1,1.3040381695278869,-0.5647846131751436,0.2427819981104275
2,3,2.122291226574345,-0.14971131886034025,0.0
2,1,1.2909474309823987,-0.559816980159651,0.24483117362991416
2,3,2.143880458587455,-0.1518810104077091,0.0
2,1,1.308252697615376,-0.5654134869443994,0.2670547978696343
2,3,2.097096060360072,-0.1510646858078229,0.0
2,1,1.2991547568096686,-0.561963380550907,0.2495544386803772
2,1,1.2935314098321977,-0.5627021369160082,0.21231947573922974
2,3,2.1152255412056404,-0.15222127584190018,0.0
0,3,2.1403135430331224,0.12245491093719556,0.0
0,1,1.316606588435508,0.43450754449849344,-0.08369112774567376
0,3,2.1627044875444317,0.12154984234074331,0.0
0,1,1.3142887384169726,0.43387984167546156,-0.07078358363354353
0,3,2.1317348527985773,0.11996479273499629,0.0
0,3,2.1305045269986387,0.12319326935501355,0.0
0,1,1.3075142979224974,0.4315054080482205,-0.07706015826206536
0,3,2.1151985944291978,0.12191169475283554,0.0
0,1,1.316606588435508,0.43450754449849344,-0.08369112774567376
0,3,2.1627044875444317,0.12154984234074331,0.0
0,1,1.2965137992901574,0.4285503323815566,-0.08302123621361047
0,3,2.159334241335362,0.12189825122307375,0.0
2,3,2.088100632878316,-0.1456245413486059,0.0
1,3,1.195097662419465,-0.048047576789549684,0.0
2,1,1.2879298385099147,-0.5586585055291332,0.23461030966579824
2,3,2.1197598459637894,-0.14840498093713048,0.0
1,3,1.195097662419465,-0.048047576789549684,0.0
2,1,1.2879298385099147,-0.5586585055291332,0.23461030966579824
1,3,1.195097662419465,-0.048047576789549684,0.0
2,3,2.1197598459637894,-0.14840498093713048,0.0
0,1,1.3229977274819726,0.43368650158362415,-0.11687794465422811
0,3,2.1422955810053814,0.12227258120897601,0.0
2,1,1.3013491308976155,-0.563275462740784,0.2577718918076621
2,3,2.1377752626221387,-0.15051209599284557,0.0
0,3,2.1305045269986387,0.12319326935501355,0.0
0,1,1.3075142979224974,0.4315054080482205,-0.07706015826206536
0,3,2.1151985944291978,0.12191169475283554,0.0
0,3,2.1403135430331224,0.12245491093719556,0.0
0,1,1.316606588435508,0.43450754449849344,-0.08369112774567376
0,3,2.1627044875444317,0.12154984234074331,0.0
0,1,1.2965137992901574,0.4285503323815566,-0.08302123621361047
0,3,2.159334241335362,0.12189825122307375,0.0
0,1,1.3142887384169726,0.43387984167546156,-0.07078358363354353
0,3,2.1317348527985773,0.11996479273499629,0.0
0,3,2.1305045269986387,0.12319326935501355,0.0
0,1,1.3075142979224974,0.4315054080482205,-0.07706015826206536
0,3,2.1151985944291978,0.12191169475283554,0.0
0,3,2.1403135430331224,0.12245491093719556,0.0
0,1,1.316606588435508,0.43450754449849344,-0.08369112774567376
0,3,2.1627044875444317,0.12154984234074331,0.0
0,3,2.11461173721438,0.12191143741669193,0.0
0,3,2.1665807417067566,0.12507455411686194,0.0
0,3,2.152192273291512,0.12126438497065754,0.0
0,1,1.3142887384169726,0.43387984167546156,-0.07078358363354353
0,3,2.1317348527985773,0.11996479273499629,0.0
0,1,1.3075142979224974,0.4315054080482205,-0.07706015826206536
0,3,2.1151985944291978,0.12191169475283554,0.0
0,3,2.1336662347164306,0.12341976199577007,0.0
0,1,1.2965137992901574,0.4285503323815566,-0.08302123621361047
2,1,1.3013491308976155,-0.563275462740784,0.2577718918076621
2,3,2.1377752626221387,-0.15051209599284557,0.0
0,1,1.3142887384169726,0.43387984167546156,-0.07078358363354353
0,3,2.1317348527985773,0.11996479273499629,0.0
0,3,2.1403135430331224,0.12245491093719556,0.0
0,1,1.316606588435508,0.43450754449849344,-0.08369112774567376
0,3,2.1627044875444317,0.12154984234074331,0.0
2,1,1.2879298385099147,-0.5586585055291332,0.23461030966579824
2,3,2.1197598459637894,-0.14840498093713048,0.0
0,3,2.159334241335362,0.12189825122307375,0.0
2,1,1.2788583334837031,-0.5573401727518189,0.18296185045658783
0,1,1.3071215948933628,0.43159883478142064,-0.07520946358055422
2,3,2.2251056776610945,-0.1607543040475544,0.0
0,3,2.1435256036911716,0.12369526183882325,0.0
0,1,1.3071215948933628,0.43159883478142064,-0.07520946358055422
2,1,1.2788583334837031,-0.5573401727518189,0.18296185045658783
2,3,2.2251056776610945,-0.1607543040475544,0.0
0,3,2.1435256036911716,0.12369526183882325,0.0
0,1,1.3071215948933628,0.43159883478142064,-0.07520946358055422
0,3,2.1435256036911716,0.12369526183882325,0.0
0,1,1.3071215948933628,0.43159883478142064,-0.07520946358055422
0,3,2.1435256036911716,0.12369526183882325,0.0
0,3,2.1445294816688723,0.1237303785751643,0.0
2,1,1.306553805039747,-0.5652696456122883,0.26077733512539275
2,3,2.0933845157016884,-0.14576003612451557,0.0
0,1,1.3291257570303443,0.43717066557723,-0.09941938113778936
0,3,2.162209732106878,0.12224581153326762,0.0
2,1,1.306553805039747,-0.5652696456122883,0.26077733512539275
2,3,2.0933845157016884,-0.14576003612451557,0.0
2,1,1.3253087930857166,-0.5714960091147464,0.30535975812379734
2,3,2.1322309481814536,-0.15200429596721213,0.0
2,1,1.3253087930857166,-0.5714960091147464,0.30535975812379734
2,3,2.1322309481814536,-0.15200429596721213,0.0
2,1,1.306553805039747,-0.5652696456122883,0.26077733512539275
2,3,2.0933845157016884,-0.14576003612451557,0.0
2,1,1.2917381436141608,-0.5619511362422027,0.20835930410146797
2,3,2.1289545867921587,-0.1513796112846681,0.0
0,1,1.3291257570303443,0.43717066557723,-0.09941938113778936
0,3,2.162209732106878,0.12224581153326762,0.0
0,1,1.3142887384169726,0.43387984167546156,-0.07078358363354353
0,3,2.1317348527985773,0.11996479273499629,0.0
0,1,1.3075142979224974,0.4315054080482205,-0.07706015826206536
0,3,2.1151985944291978,0.12191169475283554,0.0
0,1,1.2965137992901574,0.4285503323815566,-0.08302123621361047
0,3,2.159334241335362,0.12189825122307375,0.0
0,1,1.3291257570303443,0.43717066557723,-0.09941938113778936
0,3,2.162209732106878,0.12224581153326762,0.0
2,1,1.2917381436141608,-0.5619511362422027,0.20835930410146797
2,3,2.1289545867921587,-0.1513796112846681,0.0
0,3,2.1367704977910824,0.12459327936724876,0.0
0,1,1.3174929751723914,0.4337404618861359,-0.10601669555666846
0,3,2.124161223421764,0.12174427949774637,0.0
0,3,2.1305045269986387,0.12319326935501355,0.0
0,1,1.3075142979224974,0.4315054080482205,-0.07706015826206536
0,3,2.1151985944291978,0.12191169475283554,0.0
0,1,1.2965137992901574,0.4285503323815566,-0.08302123621361047
0,3,2.159334241335362,0.12189825122307375,0.0
0,1,1.3291257570303443,0.43717066557723,-0.09941938113778936
0,3,2.162209732106878,0.12224581153326762,0.0
0,1,1.3139125606495123,0.43319047734596683,-0.08053389629363804
0,3,2.1214906457215705,0.12171027852869265,0.0
0,3,2.1250524798592156,0.12093816618910072,0.0
2,1,1.3061392143841395,-0.5652452603809194,0.2475234009139056
2,1,1.3061392143841395,-0.5652452603809194,0.2475234009139056
2,3,2.149849667402897,-0.1527582387772,0.0
2,3,2.149849667402897,-0.1527582387772,0.0
0,1,1.3139125606495123,0.43319047734596683,-0.08053389629363804
0,3,2.1214906457215705,0.12171027852869265,0.0
2,1,1.3061392143841395,-0.5652452603809194,0.2475234009139056
2,3,2.149849667402897,-0.1527582387772,0.0
0,1,1.3139125606495123,0.43319047734596683,-0.08053389629363804
0,3,2.1214906457215705,0.12171027852869265,0.0
0,1,1.3139125606495123,0.43319047734596683,-0.08053389629363804
0,3,2.1214906457215705,0.12171027852869265,0.0
0,3,2.1250524798592156,0.12093816618910072,0.0
0,1,1.3072151751137309,0.4315315111171858,-0.07476939567952025
0,3,2.1538951067051344,0.12070464194279294,0.0
2,1,1.2916801985783979,-0.5600558918680477,0.22509900547629083
2,3,2.1313258749072888,-0.1533217635822097,0.0
2,1,1.2916801985783979,-0.5600558918680477,0.22509900547629083
2,3,2.1313258749072888,-0.1533217635822097,0.0
2,1,1.2916801985783979,-0.5600558918680477,0.22509900547629083
2,3,2.1313258749072888,-0.1533217635822097,0.0
0,1,1.3072151751137309,0.4315315111171858,-0.07476939567952025
0,3,2.1538951067051344,0.12070464194279294,0.0
2,1,1.2968274509750561,-0.562825975266896,0.2172937237090244
2,3,2.1039873080340366,-0.14558957918080703,0.0
2,1,1.2968274509750561,-0.562825975266896,0.2172937237090244
2,3,2.1039873080340366,-0.14558957918080703,0.0
2,1,1.2968274509750561,-0.562825975266896,0.2172937237090244
2,3,2.1039873080340366,-0.14558957918080703,0.0
2,1,1.3049890912474449,-0.5649943219450408,0.24496620380307757
2,3,2.168942246056548,-0.14483265282611926,0.0
0,1,1.307729163219106,0.4318260259693765,-0.0732131639030795
2,1,1.3049890912474449,-0.5649943219450408,0.24496620380307757
0,3,2.1448392056656216,0.12064661302515503,0.0
2,3,2.168942246056548,-0.14483265282611926,0.0
2,1,1.3049890912474449,-0.5649943219450408,0.24496620380307757
2,3,2.168942246056548,-0.14483265282611926,0.0
0,1,1.3041998650466082,0.43115106130084296,-0.07448629338242951
0,3,2.176762581883967,0.11341628139323721,0.0
0,1,1.3205423168707269,0.4345220341330204,-0.0895996120095783
0,3,2.2180036677610127,0.10185541404104076,0.0
2,1,1.2908814836667697,-0.5597986174496378,0.23354596771894418
2,3,2.288939998717043,-0.1390965008051651,0.0
0,1,1.3041998650466082,0.43115106130084296,-0.07448629338242951
0,3,2.176762581883967,0.11341628139323721,0.0
2,1,1.2908814836667697,-0.5597986174496378,0.23354596771894418
2,3,2.288939998717043,-0.1390965008051651,0.0
0,1,1.3041998650466082,0.43115106130084296,-0.07448629338242951
0,3,2.176762581883967,0.11341628139323721,0.0
2,1,1.2898440564867732,-0.5598756934111985,0.2095099351900106
2,3,2.3024041870254566,-0.11860086274061649,0.0
2,1,1.2898440564867732,-0.5598756934111985,0.2095099351900106
2,3,2.3024041870254566,-0.11860086274061649,0.0
2,1,1.2898440564867732,-0.5598756934111985,0.2095099351900106
2,3,2.3024041870254566,-0.11860086274061649,0.0
0,1,1.3041998650466082,0.43115106130084296,-0.07448629338242951
0,3,2.176762581883967,0.11341628139323721,0.0
0,1,1.3205423168707269,0.4345220341330204,-0.0895996120095783
0,3,2.2180036677610127,0.10185541404104076,0.0
0,1,1.3041998650466082,0.43115106130084296,-0.07448629338242951
0,3,2.176762581883967,0.11341628139323721,0.0
2,1,1.3045551820403956,-0.5643327238384894,0.2610839604244185
2,3,2.43585780002313,-0.09768847114073437,0.0
2,1,1.3045551820403956,-0.5643327238384894,0.2610839604244185
2,1,1.3045551820403956,-0.5643327238384894,0.2610839604244185
2,3,2.43585780002313,-0.09768847114073437,0.0
2,3,2.43585780002313,-0.09768847114073437,0.0
0,1,1.3319681438989768,0.43970396434260084,-0.09035117243361462
0,3,2.3859064828683416,0.07109862157315751,0.0
2,1,1.3004163829556261,-0.5634046802549081,0.2292932390201995
2,3,2.4360721452971243,-0.08246900347634613,0.0
0,1,1.3319681438989768,0.43970396434260084,-0.09035117243361462
0,3,2.3859064828683416,0.07109862157315751,0.0
2,1,1.300416382955626,-0.5634046802549081,0.2292932390201995
2,3,2.4360721452971243,-0.08246900347634613,0.0
0,1,1.3002019404960399,0.43067926903906495,-0.05278305597065919
0,3,2.5823655455192265,0.03356890299319793,0.0
2,1,1.3004163829556261,-0.5634046802549081,0.2292932390201995
2,3,2.4360721452971243,-0.08246900347634613,0.0
0,3,2.277650847143593,0.0742467814488344,0.0
2,1,1.28631079150357,-0.559614172733912,0.2134415069957552
2,3,2.5364639350435083,-0.07250915716449137,0.0
0,1,1.3002019404960399,0.43067926903906495,-0.05278305597065919
0,3,2.277650847143593,0.0742467814488344,0.0
0,3,2.625447353222262,0.013384728798963687,0.0
0,3,2.5823655455192265,0.03356890299319793,0.0
0,1,1.3158876232767918,0.43318281997765984,-0.0825186000864655
0,3,0.086,0.0,0.0
0,1,1.3319681438989768,0.43970396434260084,-0.09035117243361462
0,1,1.3158876232767918,0.43318281997765984,-0.0825186000864655
0,3,0.086,0.0,0.0
0,3,2.3859064828683416,0.07109862157315751,0.0
0,3,2.625447353222262,0.013384728798963687,0.0
2,1,1.2966455120504168,-0.5619685670066754,0.2424450604860638
2,3,2.575192723628766,-0.06803180252460858,0.0
2,1,1.2966455120504168,-0.5619685670066754,0.2424450604860638
2,3,2.575192723628766,-0.06803180252460858,0.0
0,3,2.625447353222262,0.013384728798963687,0.0
0,3,2.625447353222262,0.013384728798963687,0.0
0,3,2.7215611992601323,-0.007780941135625144,0.0
0,3,2.625447353222262,0.013384728798963687,0.0
0,3,2.7215611992601323,-0.007780941135625144,0.0
0,3,2.625447353222262,0.013384728798963687,0.0
0,3,2.7215611992601323,-0.007780941135625144,0.0
0,1,1.3158876232767918,0.43318281997765984,-0.0825186000864655
0,3,0.086,0.0,0.0
2,1,1.28631079150357,-0.559614172733912,0.2134415069957552
2,3,2.5364639350435083,-0.07250915716449137,0.0
0,1,1.313498482184305,0.4311273403987647,-0.10222809159225006
0,3,2.616306768036977,0.05090354885264179,0.0
0,3,2.7215611992601323,-0.007780941135625144,0.0
0,3,2.7215611992601323,-0.007780941135625144,0.0
2,1,1.3038008043245177,-0.5637036159565799,0.2659987207704798
2,3,2.6831495684364053,-0.0628375816355722,0.0
0,3,2.7215611992601323,-0.007780941135625144,0.0
2,1,1.3038008043245177,-0.5637036159565799,0.2659987207704798
2,3,2.6831495684364053,-0.0628375816355722,0.0
2,1,1.2866634657394116,-0.5594934130253196,0.21779299004681243
2,3,2.7666035134783873,-0.05709612795182749,0.0
2,1,1.2866634657394116,-0.5594934130253196,0.21779299004681243
2,3,2.7666035134783873,-0.05709612795182749,0.0
2,1,1.2943949170792677,-0.5625486713597312,0.21964479456212002
2,3,3.2032144692033424,-0.02777351521526467,0.0
2,1,1.288997692184853,-0.5594258137165897,0.2191514152637137
2,3,2.9622058911468354,-0.03383151793053441,0.0
2,1,1.2943949170792677,-0.5625486713597312,0.21964479456212002
2,3,3.2032144692033424,-0.02777351521526467,0.0
0,1,1.3175500050575115,0.4337712903308966,-0.0896825676172541
0,3,2.959380419901218,-0.07860169066142492,0.0
0,1,1.3175500050575115,0.4337712903308966,-0.0896825676172541
0,3,2.959380419901218,-0.07860169066142492,0.0
0,1,1.3175500050575115,0.4337712903308966,-0.0896825676172541
0,3,2.959380419901218,-0.07860169066142492,0.0
0,3,3.042680065086467,-0.08980406206664623,0.0
2,1,1.2960082029233655,-0.5615097791347553,0.24018330357434978
2,3,3.122760013995413,-0.026633404964185287,0.0
2,1,1.2960082029233655,-0.5615097791347553,0.24018330357434978
2,3,3.122760013995413,-0.026633404964185287,0.0
2,1,1.2960082029233655,-0.5615097791347553,0.24018330357434978
2,3,3.122760013995413,-0.026633404964185287,0.0
0,1,1.317156283167872,0.43407916410592995,-0.08389911394598236
0,3,3.0015514799305403,-0.08977624142837531,0.0
0,1,1.3175500050575115,0.4337712903308966,-0.0896825676172541
0,3,2.959380419901218,-0.07860169066142492,0.0
2,1,1.3208449202654307,-0.5703600027594952,0.2798206960562109
2,3,2.936274777473448,-0.024237518766071192,0.0
2,1,1.3208449202654307,-0.5703600027594952,0.2798206960562109
2,3,2.936274777473448,-0.024237518766071192,0.0
0,3,3.0248780948741794,-0.08816476430513853,0.0
0,1,1.317156283167872,0.43407916410592995,-0.08389911394598236
0,3,3.0015514799305403,-0.08977624142837531,0.0
2,1,1.2965213792879307,-0.5620382773259832,0.23657110635246625
2,3,2.9866689516669434,-0.024297021301502734,0.0
2,1,1.2925261868339315,-0.5602527771184141,0.2307383853514199
2,3,3.054891472356236,-0.02565161988256423,0.0
0,1,1.317156283167872,0.43407916410592995,-0.08389911394598236
0,3,3.0015514799305403,-0.08977624142837531,0.0
2,1,1.2925261868339315,-0.5602527771184141,0.2307383853514199
0,1,1.3206062135510173,0.43438600024286494,-0.09286288498801117
0,3,2.992354608022131,-0.08595777859767863,0.0
2,3,3.054891472356236,-0.02565161988256423,0.0
0,1,1.317156283167872,0.43407916410592995,-0.08389911394598236
0,3,3.0015514799305403,-0.08977624142837531,0.0
2,1,1.2925261868339315,-0.5602527771184141,0.2307383853514199
2,3,3.054891472356236,-0.02565161988256423,0.0
2,1,1.2931126419195333,-0.5611559876451344,0.21758197614751817
2,3,3.0570964547639305,-0.02807593482639539,0.0
2,1,1.2931126419195333,-0.5611559876451344,0.21758197614751817
2,3,3.0570964547639305,-0.02807593482639539,0.0
2,1,1.2931126419195333,-0.5611559876451344,0.21758197614751817
2,3,3.0570964547639305,-0.02807593482639539,0.0
0,1,1.3206062135510173,0.43438600024286494,-0.09286288498801117
0,3,2.992354608022131,-0.08595777859767863,0.0
0,1,1.3206062135510173,0.43438600024286494,-0.09286288498801117
0,3,2.992354608022131,-0.08595777859767863,0.0
2,1,1.3028731665111786,-0.5635585097011934,0.2517280017625502
2,3,3.061366685148726,-0.026301844961278298,0.0
0,1,1.3206062135510173,0.43438600024286494,-0.09286288498801117
0,3,2.992354608022131,-0.08595777859767863,0.0
2,1,1.3028731665111786,-0.5635585097011934,0.2517280017625502
2,3,3.061366685148726,-0.026301844961278298,0.0
2,1,1.3028731665111786,-0.5635585097011934,0.2517280017625502
2,3,3.061366685148726,-0.026301844961278298,0.0
2,1,1.2614805681402819,-0.5484545672871515,0.2125394001933817
2,3,3.0386199826712983,-0.025824341134645455,0.0
0,1,1.3119597123276487,0.433513128469097,-0.06857094890837682
0,3,2.995494757132954,-0.08383004090195785,0.0
2,1,1.2614805681402819,-0.5484545672871515,0.2125394001933817
2,3,3.0386199826712983,-0.025824341134645455,0.0
2,1,1.297282051656166,-0.5620305643883322,0.23971591863073094
2,3,3.087882781078695,-0.03062916723407059,0.0
0,1,1.3188560065013453,0.4339223646756386,-0.10893728763052189
0,3,3.023524772666946,-0.08849652436435433,0.0
0,1,1.2922177876834398,0.4261833395838675,-0.09084248835599425
0,3,2.9956856160568215,-0.08808642219013836,0.0
0,3,3.0900316606167313,-0.08814760998085545,0.0
2,1,1.2614805681402819,-0.5484545672871515,0.2125394001933817
2,3,3.0386199826712983,-0.025824341134645455,0.0
0,3,3.0900316606167313,-0.08814760998085545,0.0
0,1,1.3188560065013453,0.4339223646756386,-0.10893728763052189
0,3,3.023524772666946,-0.08849652436435433,0.0
0,3,3.0900316606167313,-0.08814760998085545,0.0
2,1,1.297282051656166,-0.5620305643883322,0.23971591863073094
2,3,3.087882781078695,-0.03062916723407059,0.0
2,1,1.3107223598131368,-0.5671746213726729,0.24853716878822046
2,3,3.046873223472689,-0.026475827303868063,0.0
0,1,1.3119597123276487,0.433513128469097,-0.06857094890837682
0,3,2.995494757132954,-0.08383004090195785,0.0
0,1,1.2922177876834398,0.4261833395838675,-0.09084248835599425
0,3,2.9956856160568215,-0.08808642219013836,0.0
2,1,1.3107223598131368,-0.5671746213726729,0.24853716878822046
0,1,1.3188560065013453,0.4339223646756386,-0.10893728763052189
0,3,3.023524772666946,-0.08849652436435433,0.0
2,3,3.046873223472689,-0.026475827303868063,0.0
2,1,1.296655975444751,-0.5630402596591221,0.23729516834385228
2,1,1.3107223598131368,-0.5671746213726729,0.24853716878822046
2,3,3.046873223472689,-0.026475827303868063,0.0
2,3,3.1062270914347367,-0.026541755312992524,0.0
0,1,1.324714310550529,0.4369120357172241,-0.0848442320524648
0,3,3.010007453700113,-0.09062864135969766,0.0
2,1,1.296655975444751,-0.5630402596591221,0.23729516834385228
2,3,3.1062270914347367,-0.026541755312992524,0.0
2,1,1.296655975444751,-0.5630402596591221,0.23729516834385228
2,3,3.1062270914347367,-0.026541755312992524,0.0
2,1,1.2830476037082623,-0.5582253176942739,0.2143756135983299
2,3,2.9915476139003347,-0.02287567693511859,0.0
2,1,1.3129017565751984,-0.5674033713906066,0.2678722482131822
0,1,1.3141305590361576,0.43153471399475324,-0.09470418813808178
0,3,3.0297506050726843,-0.08885975021995181,0.0
2,3,3.096081921315905,-0.026717862659963735,0.0
2,1,1.2830476037082623,-0.5582253176942739,0.2143756135983299
2,3,2.9915476139003347,-0.02287567693511859,0.0
2,1,1.2830476037082623,-0.5582253176942739,0.2143756135983299
2,3,2.9915476139003347,-0.02287567693511859,0.0
0,1,1.3141305590361576,0.43153471399475324,-0.09470418813808178
0,3,3.0297506050726843,-0.08885975021995181,0.0
2,1,1.289679106192023,-0.5590407071285423,0.2366992781935881
2,3,3.0458929303995634,-0.02750191293144503,0.0
0,1,1.3141305590361576,0.43153471399475324,-0.09470418813808178
0,3,3.0297506050726843,-0.08885975021995181,0.0
0,1,1.3141305590361576,0.43153471399475324,-0.09470418813808178
2,1,1.289679106192023,-0.5590407071285423,0.2366992781935881
0,3,3.0297506050726843,-0.08885975021995181,0.0
2,3,3.0458929303995634,-0.02750191293144503,0.0
0,1,1.3141305590361576,0.43153471399475324,-0.09470418813808178
0,3,3.0297506050726843,-0.08885975021995181,0.0
0,3,2.973742103273767,-0.08822498546736979,0.0
2,1,1.2991940323765827,-0.5640446690454348,0.23883992794607453
0,1,1.315218258781268,0.4341120569501062,-0.08561341354707455
0,3,2.98796856288386,-0.0890440981987663,0.0
2,3,3.0106790093074935,-0.024915083040727145,0.0
2,1,1.2991940323765827,-0.5640446690454348,0.23883992794607453
2,1,1.3129017565751984,-0.5674033713906066,0.2678722482131822
2,3,3.0106790093074935,-0.024915083040727145,0.0
2,3,3.096081921315905,-0.026717862659963735,0.0
0,1,1.3141305590361576,0.43153471399475324,-0.09470418813808178
0,3,3.0297506050726843,-0.08885975021995181,0.0
0,1,1.326704953190044,0.43482396636557064,-0.11603312611324813
0,3,2.9877247657975197,-0.08421650069419008,0.0
0,1,1.3141305590361576,0.43153471399475324,-0.09470418813808178
0,3,3.0297506050726843,-0.08885975021995181,0.0
0,3,2.973742103273767,-0.08822498546736979,0.0
0,3,3.0133153761462386,-0.09141288527534924,0.0
2,1,1.2924560960158606,-0.5600196612512475,0.24962201796958966
2,3,3.1064519750606876,-0.02673612019347404,0.0
0,3,3.0133153761462386,-0.09141288527534924,0.0
0,3,2.973742103273767,-0.08822498546736979,0.0
0,3,3.0133153761462386,-0.09141288527534924,0.0
0,3,3.0133153761462386,-0.09141288527534924,0.0
0,3,3.0133153761462386,-0.09141288527534924,0.0
0,1,1.3119265394683755,0.4333552178070341,-0.082626938751842
0,3,3.005685732558433,-0.08822806840343762,0.0
2,1,1.3039023369486151,-0.5644740967332563,0.2566813250085376
2,3,3.041996122831368,-0.03330762222180372,0.0
0,3,3.133032384961653,-0.10463347060385292,0.0
0,3,3.133032384961653,-0.10463347060385292,0.0
2,1,1.2924560960158606,-0.5600196612512475,0.24962201796958966
2,3,3.1064519750606876,-0.02673612019347404,0.0
0,1,1.3119265394683755,0.4333552178070341,-0.082626938751842
0,3,3.133032384961653,-0.10463347060385292,0.0
0,3,3.005685732558433,-0.08822806840343762,0.0
0,3,3.133032384961653,-0.10463347060385292,0.0
0,3,3.133032384961653,-0.10463347060385292,0.0
0,3,3.133032384961653,-0.10463347060385292,0.0
0,3,3.133032384961653,-0.10463347060385292,0.0
0,3,3.133032384961653,-0.10463347060385292,0.0
2,1,1.2924560960158606,-0.5600196612512475,0.24962201796958966
2,3,3.1064519750606876,-0.02673612019347404,0.0
0,3,3.049284342721425,-0.11824481608410943,0.0
0,3,3.049284342721425,-0.11824481608410943,0.0
0,3,3.049284342721425,-0.11824481608410943,0.0
0,3,3.049284342721425,-0.11824481608410943,0.0
0,3,3.049284342721425,-0.11824481608410943,0.0
0,3,3.049284342721425,-0.11824481608410943,0.0
0,3,3.049284342721425,-0.11824481608410943,0.0
0,3,3.049284342721425,-0.11824481608410943,0.0
2,1,1.3039023369486151,-0.5644740967332563,0.2566813250085376
1,3,2.0619316701682635,-0.15577646873070292,0.0
1,3,2.0804059926055998,-0.1684507655097874,0.0
1,3,2.0804059926055998,-0.1684507655097874,0.0
1,3,2.0823966806967293,-0.19027871001836014,0.0
1,3,2.0823966806967293,-0.19027871001836014,0.0
2,1,1.3126465511029584,-0.5683299219548424,0.24556585289636038
2,3,3.0379464712344397,-0.047311461710881485,0.0
1,3,2.1003378417314376,-0.2224752211568172,0.0
1,3,2.1003378417314376,-0.2224752211568172,0.0
1,3,2.1003378417314376,-0.2224752211568172,0.0
2,1,1.3046133105337316,-0.5647305353880484,0.2567616631158917
2,3,3.081517095703806,-0.08230121059075565,0.0
2,1,1.3126465511029584,-0.5683299219548423,0.24556585289636038
1,3,2.1006199112955244,-0.2610752636157816,0.0
1,3,2.1006199112955244,-0.2610752636157816,0.0
1,3,2.1006199112955244,-0.2610752636157816,0.0
2,3,3.0379464712344397,-0.047311461710881485,0.0
2,1,1.3020229274454096,-0.5633946143983897,0.25064243768808153
2,3,3.03850495487674,-0.11740513484188644,0.0
2,1,1.3046133105337316,-0.5647305353880484,0.2567616631158917
2,3,3.081517095703806,-0.08230121059075565,0.0
1,3,2.0957707593237926,-0.30747926497211053,0.0
1,3,2.0957707593237926,-0.30747926497211053,0.0
2,1,1.3020229274454096,-0.5633946143983897,0.25064243768808153
2,3,3.03850495487674,-0.11740513484188644,0.0
2,1,1.2928717381747203,-0.5616365603086374,0.2344367029248368
1,3,2.0971164677894527,-0.3593820200922413,0.0
2,3,3.0450108786865817,-0.15748157225789625,0.0
1,3,2.0971164677894527,-0.3593820200922413,0.0
1,3,2.1204983862490607,-0.42352173898214845,0.0
2,1,1.297823238433557,-0.562423705281468,0.2500698930266428
2,3,3.136395176891792,-0.21501272795587748,0.0
0,1,1.3135451449526274,0.43374261187761154,-0.06892999710148467
0,3,2.9917203350951294,-0.15054709824976933,0.0
0,1,1.3135451449526274,0.43374261187761154,-0.06892999710148467
2,1,1.29891635983993,-0.5631142088215259,0.22595826635753233
2,3,3.147599356764712,-0.27373600431111134,0.0
1,3,2.0957707593237926,-0.30747926497211053,0.0
1,3,2.0971164677894527,-0.3593820200922413,0.0
1,3,2.1204983862490607,-0.42352173898214845,0.0
2,1,1.3132542076569622,-0.5684154406625792,0.2469631346694378
2,3,3.1445525147802402,-0.408275171626917,0.0
2,3,3.0450108786865817,-0.15748157225789625,0.0
2,1,1.2633981090096296,-0.549249420544437,0.21374908039641052
2,1,1.293673617026386,-0.5596967032558198,0.2581626227899534
2,3,3.217173196750775,-0.8446314031199086,0.0
1,3,2.098648944246335,-0.7938057058881964,0.0
1,3,2.0923558533818363,-0.7180192220109449,0.0
1,3,2.0745103211280163,-0.8571712109057134,0.0
1,3,2.0745103211280163,-0.8571712109057134,0.0
1,3,2.0745103211280163,-0.8571712109057134,0.0
1,3,2.0745103211280163,-0.8571712109057134,0.0
1,3,2.0876285277429028,-0.9418095356988427,0.0
0,3,3.0287413764848377,-0.2955704277547607,0.0
0,3,3.0287413764848377,-0.2955704277547607,0.0
1,3,2.0876285277429028,-0.9418095356988427,0.0
1,3,2.096021358346239,-1.0118756019962698,0.0
0,3,3.0287413764848377,-0.2955704277547607,0.0
0,1,1.3235828155036549,0.4339716099223946,-0.11877594794860014
0,1,1.3181099629424773,0.4336438022049051,-0.09421626063780243
1,3,2.096021358346239,-1.0118756019962698,0.0
0,3,3.0287413764848377,-0.2955704277547607,0.0
1,3,2.096021358346239,-1.0118756019962698,0.0
1,3,2.078871967739313,-1.0464427159408307,0.0
1,3,2.075103149663026,-1.0677100377395456,0.0
1,3,2.096021358346239,-1.0118756019962698,0.0
1,3,2.078871967739313,-1.0464427159408307,0.0
1,3,2.075103149663026,-1.0677100377395456,0.0
1,3,2.096021358346239,-1.0118756019962698,0.0
1,3,2.075103149663026,-1.0677100377395456,0.0
1,3,2.137593449638435,-1.1002494950011834,0.0
1,3,2.0582363525699354,-1.0595917280549043,0.0
2,1,1.293185714870019,-0.562034049719453,0.231471043511817
2,3,3.147628511855751,-0.895353875037269,0.0
2,1,1.2876420730852138,-0.5580816054641804,0.24732057403679153
1,3,2.1556325472263365,-1.1130243237081026,0.0
1,3,2.100304582598377,-1.0847569870400124,0.0
1,3,2.125213998611848,-1.0967972242763793,0.0
2,1,1.293185714870019,-0.562034049719453,0.231471043511817
2,1,1.2876420730852138,-0.5580816054641804,0.24732057403679153
2,3,3.227809668533198,-0.9255937515320593,0.0
1,3,2.137593449638435,-1.1002494950011834,0.0
1,3,2.0582363525699354,-1.0595917280549043,0.0
2,1,1.3019732916784914,-0.5635791855880096,0.24572163510670858
2,3,3.226031859162673,-0.9257597403056348,0.0
2,1,1.3072748236093323,-0.5658541603709489,0.24675969395185213
0,3,2.9917203350951294,-0.15054709824976933,0.0
0,1,1.3235828155036549,0.4339716099223946,-0.11877594794860014
2,3,3.216229631763757,-0.9175581131469671,0.0
0,3,3.0037543130369513,-0.654798406711232,0.0
0,3,2.996996183955821,-0.42368637720508423,0.0
2,1,1.2909886185105681,-0.5603321602681027,0.20413585340493706
0,1,1.3181099629424773,0.4336438022049051,-0.09421626063780243
1,3,2.0892546424428495,-1.0790368826712529,0.0
1,3,2.0892546424428495,-1.0790368826712529,0.0
0,3,2.9250335000286944,-0.9919979887466515,0.0
0,3,2.7483453688005612,-0.9315537758869274,0.0
1,3,2.0610284977020203,-1.0626254220280749,0.0
1,3,2.065239032595467,-1.0610952657958095,0.0
0,3,2.9342723268150643,-0.9957583842758801,0.0
1,3,2.0479538418758088,-1.0624537830356116,0.0
2,1,1.2969655784971563,-0.5614172650125067,0.24659291025145316
2,3,3.2151452822576867,-0.9254151907113269,0.0
2,1,1.3003189896723413,-0.5632438898042437,0.2450180005542142
0,3,2.8972387010628733,-0.9855218931156833,0.0
2,3,3.03764372177409,-0.9391360869200776,0.0
0,3,2.978616517665548,-1.0105667961804394,0.0
2,1,1.2992432609442364,-0.5642425829193326,0.2311090126341065
2,1,1.2895622123149157,-0.561021067433421,0.2047072714471695
1,3,0.086,0.0,0.0
2,3,0.086,0.0,0.0
1,3,0.086,0.0,0.0
1,3,0.086,0.0,0.0
1,3,0.086,0.0,0.0
1,3,0.086,0.0,0.0
0,1,1.3323389177079725,0.43785708879028673,-0.11913975448818673
0,1,1.3202476767530746,0.43381504331795007,-0.10286001537510414
0,3,2.978616517665548,-1.0105667961804394,0.0
0,3,2.9640028730351258,-1.0031966736280613,0.0
0,3,2.978616517665548,-1.0105667961804394,0.0
2,1,1.3113619909024459,-0.5667455109750559,0.28777254440284894
0,3,2.8007003643227946,-0.9448356147936869,0.0
0,1,1.3138279477214718,0.4323856209487111,-0.08744056802962667
1,3,0.086,0.0,0.0
1,3,0.086,0.0,0.0
1,3,0.086,0.0,0.0
1,3,0.086,0.0,0.0
0,1,1.3323389177079725,0.43785708879028673,-0.11913975448818673
0,3,2.8007003643227946,-0.9448356147936869,0.0
0,1,1.3202476767530746,0.43381504331795007,-0.10286001537510414
2,3,0.086,0.0,0.0
2,1,1.306805706670462,-0.564823237247495,0.266606322505363
0,3,2.910792606278128,-0.9865205026568072,0.0
0,1,1.3021274982026556,0.4291013517764396,-0.10289774741309438
1,3,0.086,0.0,0.0
0,3,2.7300158204383655,-0.9289490164647185,0.0
0,1,1.3235645966429235,0.43539455153049933,-0.08710509845679977
0,3,2.763475184523392,-0.9337610630291094,0.0
0,1,1.305309196152251,0.43142826767315295,-0.06751537287205898
1,3,0.086,0.0,0.0
1,3,0.086,0.0,0.0
1,3,0.086,0.0,0.0
0,1,1.3235645966429235,0.43539455153049933,-0.08710509845679977
0,3,2.5007366731931966,-0.8634071961024192,0.0
0,3,2.274769346107876,-0.8085595265022981,0.0
2,1,1.3034325308478167,-0.5644894273401919,0.243309743805861
0,3,2.400073903920771,-0.8418648092663663,0.0
0,3,2.197675861115824,-0.7860919381949043,0.0
2,3,0.086,0.0,0.0
2,1,1.3108363403943573,-0.5662114815185061,0.2707907547602155
2,3,0.086,0.0,0.0
1,3,0.086,0.0,0.0
1,3,0.086,0.0,0.0
1,3,0.086,0.0,0.0
1,3,0.086,0.0,0.0
1,3,0.086,0.0,0.0
1,3,0.086,0.0,0.0
1,3,0.086,0.0,0.0
1,3,0.086,0.0,0.0
1,3,0.086,0.0,0.0
0,3,2.03781934852719,-0.7534232557300724,0.0
0,1,1.3081318086306621,0.4323596612833721,-0.0685944882578829
0,3,2.0119796613435517,-0.752586992100262,0.0
1,3,0.086,0.0,0.0
1,3,0.086,0.0,0.0
0,3,2.3106331997379272,-0.8102570986151261,0.0
0,1,1.299102868851981,0.42955033666446574,-0.07722336322361525
2,1,1.302120618301448,-0.5633751251068585,0.2478112679371682
2,3,0.086,0.0,0.0
0,3,2.170494755747071,-0.7877152058583619,0.0
1,3,0.086,0.0,0.0
1,3,0.086,0.0,0.0
1,3,0.086,0.0,0.0
1,3,0.086,0.0,0.0
1,3,0.086,0.0,0.0
2,1,1.2875883541582394,-0.5589072380143361,0.2165031119263505
1,3,0.086,0.0,0.0
1,3,0.086,0.0,0.0
2,1,1.2943757491105694,-0.5607933153623061,0.2504170333189317
0,3,2.0119796613435517,-0.752586992100262,0.0
0,3,2.0119796613435517,-0.752586992100262,0.0
0,3,1.9416881772161103,-0.7257251960899432,0.0
1,3,0.086,0.0,0.0
2,3,0.086,0.0,0.0
1,3,0.086,0.0,0.0
0,3,1.9899195453883225,-0.7451648932430145,0.0
2,1,1.2840874310378092,-0.5589041507305057,0.2099042121554528
2,3,0.086,0.0,0.0
2,1,1.3009942611940801,-0.5640076038512678,0.2360592967809724
2,3,0.086,0.0,0.0
0,3,1.9846426222382858,-0.74197424965368,0.0
1,3,0.086,0.0,0.0
1,3,0.086,0.0,0.0
1,3,0.086,0.0,0.0
0,3,1.990049197022967,-0.7444170371404023,0.0
1,3,0.086,0.0,0.0
0,3,1.990049197022967,-0.7444170371404023,0.0
1,3,0.086,0.0,0.0
0,3,2.0119796613435517,-0.752586992100262,0.0
1,3,0.086,0.0,0.0
1,3,0.086,0.0,0.0
2,1,1.3153756886443608,-0.5692621474832928,0.236761255377366
2,3,0.086,0.0,0.0
0,3,2.006661072736065,-0.750657279012477,0.0
0,1,1.3229946807032236,0.43660792889482847,-0.0876048568520544
0,3,2.00091608930121,-0.7481833324542156,0.0
0,3,1.9798886845693973,-0.7411823686846978,0.0
0,3,1.9804661846238618,-0.7404926971262771,0.0
0,1,1.318142622111756,0.43473448788412816,-0.08717690759577955
0,3,1.9798886845693973,-0.7411823686846978,0.0
0,3,1.9804661846238618,-0.7404926971262771,0.0
2,1,1.2868869515756114,-0.5591646011272325,0.23363630116819928
0,1,1.318142622111756,0.43473448788412816,-0.08717690759577955
1,3,0.086,0.0,0.0
1,3,0.086,0.0,0.0
1,3,0.086,0.0,0.0
0,3,2.006661072736065,-0.750657279012477,0.0
1,3,0.086,0.0,0.0
1,3,0.086,0.0,0.0
2,3,0.086,0.0,0.0
2,1,1.2996472724579289,-0.562795600680029,0.24380704788410168
2,1,1.2868869515756114,-0.5591646011272325,0.23363630116819928
2,3,0.086,0.0,0.0
2,1,1.3033127305246948,-0.5646429641830365,0.24012857702905524
1,3,0.086,0.0,0.0
1,3,0.086,0.0,0.0
1,3,0.086,0.0,0.0
1,3,0.086,0.0,0.0
1,3,0.086,0.0,0.0
1,3,0.086,0.0,0.0
1,3,0.086,0.0,0.0
1,3,1.1840735702227623,-0.6127751007478253,0.0
1,3,1.1996428585403511,-0.5628181535172331,0.0
0,3,1.9834920598665562,-0.7419746260312892,0.0
1,3,0.086,0.0,0.0
1,3,1.1840735702227623,-0.6127751007478253,0.0
1,3,1.1840735702227623,-0.6127751007478253,0.0
1,3,1.1996428585403511,-0.5628181535172331,0.0
0,1,1.3221453083181762,0.43645785179868896,-0.0802159359367895
1,3,1.2048124182184172,-0.5037968193822912,0.0
1,3,1.2048124182184172,-0.5037968193822912,0.0
1,3,1.2121511919350307,-0.44836990678730604,0.0
0,3,2.008743493068828,-0.735647656109936,0.0
1,3,1.2117559938092624,-0.3258933836632023,0.0
1,3,1.2117559938092624,-0.3258933836632023,0.0
1,3,1.2117559938092624,-0.3258933836632023,0.0
1,3,1.2117559938092624,-0.3258933836632023,0.0
1,3,1.2117559938092624,-0.3258933836632023,0.0
1,3,1.204630601488679,-0.2591766869801932,0.0
1,3,1.204630601488679,-0.2591766869801932,0.0
1,3,1.200006424260193,-0.19371618051268083,0.0
1,3,1.1977872783017232,-0.13500660153112798,0.0
1,3,1.2022984842369535,-0.08460828592260763,0.0
1,3,1.2155863008104855,-0.0459711947735387,0.0
1,3,1.208233662243786,-0.037656383961839256,0.0
1,3,1.200006424260193,-0.19371618051268083,0.0
1,3,1.1977872783017232,-0.13500660153112798,0.0
1,3,1.2022984842369535,-0.08460828592260763,0.0
1,3,1.2155863008104855,-0.0459711947735387,0.0
1,3,1.208233662243786,-0.037656383961839256,0.0
1,3,1.1977872783017232,-0.13500660153112798,0.0
1,3,1.200006424260193,-0.19371618051268083,0.0
1,3,1.1977872783017232,-0.13500660153112798,0.0
1,3,1.1977872783017232,-0.13500660153112798,0.0
1,3,1.2022984842369535,-0.08460828592260763,0.0
1,3,1.1977872783017232,-0.13500660153112798,0.0
1,3,1.2022984842369535,-0.08460828592260763,0.0
1,3,1.2155863008104855,-0.0459711947735387,0.0
1,3,1.2155863008104855,-0.0459711947735387,0.0
1,3,1.2155863008104855,-0.0459711947735387,0.0
2,1,1.2977943341653322,-0.5617867290695732,0.24751439552907872
2,3,2.1396581549512033,-0.12657039226178518,0.0
0,3,2.1537482443331553,-0.22340062314364859,0.0
1,3,1.2498005954743152,-0.03691401394656961,0.0
1,3,1.2498005954743152,-0.03691401394656961,0.0
1,3,1.2655652681678926,-0.031525466246920514,0.0
1,3,1.2635115044183252,-0.015445774790007251,0.0
1,3,1.2655652681678926,-0.031525466246920514,0.0
1,3,1.2635115044183252,-0.015445774790007251,0.0
1,3,1.2635115044183252,-0.015445774790007251,0.0
1,3,1.259499164471152,0.012662432873697381,0.0
1,3,1.258655184721883,0.030510802624572897,0.0
1,3,1.258655184721883,0.030510802624572897,0.0
1,3,1.259499164471152,0.012662432873697381,0.0
1,3,1.2609062276358554,0.0319039567751678,0.0
1,3,1.2609062276358554,0.0319039567751678,0.0
1,3,1.2609062276358554,0.0319039567751678,0.0
1,3,1.2609062276358554,0.0319039567751678,0.0
0,3,2.1826610057184177,0.12518967677737727,0.0
0,3,2.2029746199508637,0.12936515916159907,0.0
1,3,1.2305004260865877,0.02960347831185933,0.0
1,3,1.2605419268543496,0.031970890700781254,0.0
0,3,2.1826610057184177,0.12518967677737727,0.0
2,1,1.2534949011427288,-0.5454549089084492,0.20677511251690536
2,1,1.3032493095946616,-0.563750225223352,0.26138568831575404
2,3,2.134483764815056,-0.05605066625259791,0.0
0,3,2.1826610057184177,0.12518967677737727,0.0
0,1,1.3098327728659933,0.4320381375720777,-0.08847947214174783
1,3,1.2606746438506575,0.031957477293914016,0.0
1,3,1.2606746438506575,0.031957477293914016,0.0
1,3,1.2621780540325789,0.031514190174518564,0.0
1,3,1.2621780540325789,0.031514190174518564,0.0
1,3,1.2621780540325789,0.031514190174518564,0.0
1,3,1.2621780540325789,0.031514190174518564,0.0
0,1,1.3098327728659933,0.4320381375720777,-0.08847947214174783
1,3,1.2299936234831237,0.029612582463019715,0.0
0,3,2.2070162777331688,0.19184687920232807,0.0
0,3,2.2223220528184973,0.1920088610393383,0.0
2,3,2.131712753682008,-0.05473492391401441,0.0
1,3,1.2625932053589883,0.031642785737374134,0.0
1,3,1.2623021856628835,0.03183042314339257,0.0
2,1,1.2911623171399695,-0.5600160347202514,0.22073649035807685
2,3,2.1306817258152666,-0.05667510440544437,0.0
0,3,2.212659173985301,0.19241598458481984,0.0
1,3,1.2608252679627285,0.03172746839205052,0.0
0,3,2.212659173985301,0.19241598458481984,0.0
