id_a,id_b,x,y,dtheta,msg_id
0,3,2.7036307667671924,-1.0516590271025705,0.0,0
1,3,1.7675328317306103,-0.4570459096168753,0.0,1
2,3,2.866407816206656,-0.8070211475298428,0.0,2
0,1,1.5218656376468211,0.16917739826404066,-0.37081980965952577,3
0,3,2.5285369470745427,-0.7993587119488463,0.0,4
1,3,1.4631728260131989,-0.28477711214415924,0.0,5
2,3,2.4843730813537745,-0.6238969927472764,0.0,6
0,1,1.5824031658264013,0.17072872461605637,-0.4195010232649223,7
0,3,2.327225010697071,-0.5362484716340254,0.0,8
1,3,1.234163440301483,-0.13530883283776426,0.0,9
2,3,2.3220560211155328,-0.506444976708019,0.0,10
0,1,1.5875727745192012,0.17090257918627694,-0.42561936942926615,11
0,3,2.1147127355267226,-0.30433422245021363,0.0,12
1,3,1.0129808633568582,0.00865286263200442,0.0,13
2,3,2.070816150353914,-0.3611735164782457,0.0,14
0,1,1.5298559159569118,0.1698777745430802,-0.37140635581451825,15
0,3,2.023068690988969,-0.14118808649131762,0.0,16
1,3,0.9047593553859123,0.09723137802025941,0.0,17
2,1,1.5584878944769476,-0.6010546045000106,0.03698756424919838,18
2,3,1.9704198608124788,-0.29697135463119756,0.0,19
0,1,1.5356725243067668,0.16951623330327545,-0.3715879759132035,20
0,3,2.005763296847191,-0.13690329248629698,0.0,21
1,3,0.9044533004488128,0.0973128422873533,0.0,22
2,1,1.530605447904291,-0.5931118498189942,0.015933014806625234,23
2,3,2.0015574948027917,-0.3002916345319195,0.0,24
0,1,1.5195936201169649,0.16882123445204647,-0.3699117230464987,25
0,3,2.013291276853868,-0.1371551318931707,0.0,26
1,3,1.0252625114347733,0.13431759629698423,0.0,27
2,1,1.5385530468457502,-0.5941239320025263,0.018180048261461267,28
2,3,2.116378112267875,-0.2603707923300575,0.0,29
1,3,1.0247724986353521,0.1341137824253661,0.0,30
2,1,1.4827286577886727,-0.5756672237638865,-0.03255550751187011,31
2,3,2.1384567754119885,-0.26221641250924677,0.0,32
0,1,1.5103702732592117,0.16954700611115672,-0.33722002644389626,33
0,3,2.1360993104759847,-0.15302482992859942,0.0,34
1,3,1.0879767583260127,0.13164076213002954,0.0,35
2,1,1.54975385473829,-0.597944017423907,0.01851842011796355,36
2,3,2.235390417793603,-0.255411880662716,0.0,37
0,1,1.5338089334497402,0.17066878248510783,-0.3535771304022404,38
0,3,2.359543669991496,-0.2429598830788374,0.0,39
1,3,1.3792023345009123,0.155368140553847,0.0,40
2,1,1.6389690199809002,-0.49702736270612446,2.3785451524273262,41
2,3,2.549698825885122,-0.2067119761011835,0.0,42
0,1,1.5394900225676846,0.16994790771738122,-0.3802524321411066,43
0,3,2.694612553002033,-0.3294091355981644,0.0,44
1,3,1.68759891302782,0.17702033023563932,0.0,45
2,1,1.5540544959586606,-0.5997827088759208,0.03196950923684464,46
2,3,2.8421649276165617,-0.1904188826098384,0.0,47
0,1,1.5384412673206793,0.16992360361285613,-0.3758229658958965,48
0,3,2.9616027745833686,-0.466700950744093,0.0,49
1,3,1.9578428950097164,0.1509619696767841,0.0,50
2,1,1.6471300624341827,-0.6329567302017216,0.05587571134371368,51
2,3,3.1239417992309497,-0.1880841028197619,0.0,52
0,1,1.5306801584809726,0.16960725215274017,-0.35878542718305806,53
0,3,3.1230816869124256,-0.5259156886325312,0.0,54
1,3,2.07562905950984,0.16217940331453815,0.0,55
2,1,1.6376102298879125,-0.629521836615843,0.054149480773869406,56
2,3,3.1216829147814233,-0.1830237987816381,0.0,57
0,1,1.5236768825521543,0.1691456367638649,-0.35340311622265663,58
0,3,3.1176554737801347,-0.5261727070931456,0.0,59
1,3,2.0708229122381634,0.16113718619021927,0.0,60
2,1,1.5314776314063907,-0.5914636296825764,0.03734828122849127,61
2,3,3.1998834491912986,-0.18712815189773896,0.0,62
0,1,1.559610164631568,0.17095476780926455,-0.3776723100963038,63
0,3,3.145422097291954,-0.5342327098033058,0.0,64
1,3,2.0462008437711496,0.13998275668713045,0.0,65
2,3,3.168891023806815,-0.21356634824751083,0.0,66
0,1,1.5077141030660326,0.16965289570497355,-0.33176549630128005,67
0,3,3.1662004582268723,-0.6255137755121548,0.0,68
1,3,2.1107206514076062,0.005842588326313011,0.0,69
2,3,3.2578403004063334,-0.3673718719064389,0.0,70
0,1,1.5370980765368059,0.1693031813189561,-0.36630461756661326,71
0,3,3.06980218819857,-0.7847418040245329,0.0,72
1,3,2.1743769408870492,-0.18655822985551287,0.0,73
2,1,1.5107531773187606,-0.5844848993708396,0.004346633224269374,74
2,3,3.313791049702148,-0.5662716485510702,0.0,75
0,1,1.545243723195927,0.17138350216417925,-0.3701880632988371,76
0,3,3.0409717680964534,-1.0455649008719516,0.0,77
1,3,2.181064593640758,-0.4357020277554263,0.0,78
2,3,3.2146821362362425,-0.789874818633514,0.0,79
0,1,1.5430522300603686,0.16962300328927038,-0.38645168394482315,80
0,3,2.9953500640773885,-1.2434147251216292,0.0,81
1,3,2.1668858283405834,-0.6402043929136118,0.0,82
2,1,1.510369401745461,-0.5844729239571437,0.0024614499591924808,83
2,3,3.254399372410609,-1.0114086377913818,0.0,84
0,1,1.5437250229294335,0.17024818133671224,-0.38388728847432085,85
0,3,2.9159604321062815,-1.413606777774356,0.0,86
1,3,2.1868690614261097,-0.7417075398264922,0.0,87
2,1,1.5228403827152255,-0.588675993381198,0.04012838957139927,88
0,1,1.5348304780918531,0.16929363663753602,-0.3893540554472641,89
0,3,2.9363872269591638,-1.421206705202513,0.0,90
1,3,2.178987030947061,-0.7412296175202157,0.0,91
2,1,1.5574308938772619,-0.6011755465734518,0.03461939992344558,92
0,1,1.522025003667792,0.1690392884755962,-0.36083476826343985,93
0,3,2.9721682016832323,-1.4387462764172751,0.0,94
1,3,2.1291759434750963,-0.712421729157195,0.0,95
0,1,1.5509293850739818,0.17155213331620922,-0.39113406673166157,96
0,3,2.74815543162628,-1.2758289655913753,0.0,97
1,3,2.064057161587973,-0.6439107831776855,0.0,98
2,1,1.50656146382442,-0.5860602187925951,-0.03356537161676422,99
2,3,3.0365806986337396,-0.9284788190668674,0.0,100
0,1,1.558389347904668,0.17047090846152088,-0.400508656955337,101
0,3,2.765181459495895,-1.1646862013772283,0.0,102
1,3,1.7675328317306103,-0.4570459096168753,0.0,103
2,1,1.5316706749954214,-0.5929596192040494,0.006137861073901577,104
2,3,2.738825248578447,-0.7555101188469437,0.0,105
0,1,1.5218656376468211,0.16917739826404066,-0.37081980965952577,106
0,3,2.5285369470745427,-0.7993587119488463,0.0,107
1,3,1.4308692174227156,-0.25023113667693886,0.0,108
2,3,2.462571490168154,-0.5995770501925759,0.0,109
0,1,1.5824031658264013,0.17072872461605637,-0.4195010232649223,110
0,3,2.327225010697071,-0.5362484716340254,0.0,111
1,3,1.1881548822136352,-0.10317522137612876,0.0,112
2,3,2.2468557691091506,-0.469990713959568,0.0,113
0,1,1.5875727745192012,0.17090257918627694,-0.42561936942926615,114
0,3,2.1147127355267226,-0.30433422245021363,0.0,115
1,3,0.9645787201754703,0.042822601611440976,0.0,116
2,1,1.557185376917597,-0.6010594787684269,0.03772196699871105,117
2,3,2.0195740169729426,-0.3123361979488764,0.0,118
0,1,1.5595327226587308,0.1709315085704617,-0.3911315443819607,119
0,3,2.000260504071663,-0.13595499236778139,0.0,120
1,3,0.9051539971611421,0.09721612733706085,0.0,121
2,1,1.5446597765024244,-0.5965922775191062,0.03580065559665642,122
2,3,1.9786922924783832,-0.29348617099452046,0.0,123
0,1,1.5540040618984963,0.17068129046903985,-0.38465395173047945,124
0,3,2.013291276853868,-0.1371551318931707,0.0,125
1,3,0.9044533004488128,0.0973128422873533,0.0,126
2,1,1.530605447904291,-0.5931118498189942,0.015933014806625234,127
2,3,2.0015574948027917,-0.3002916345319195,0.0,128
0,1,1.5195936201169649,0.16882123445204647,-0.3699117230464987,129
1,3,1.024898925672108,0.13427637478553606,0.0,130
2,1,1.5385530468457502,-0.5941239320025263,0.018180048261461267,131
2,3,2.116378112267875,-0.2603707923300575,0.0,132
1,3,1.024603506843926,0.13429157231567107,0.0,133
2,1,1.4827286577886727,-0.5756672237638865,-0.03255550751187011,134
2,3,2.1384567754119885,-0.26221641250924677,0.0,135
0,1,1.5103702732592117,0.16954700611115672,-0.33722002644389626,136
0,3,2.1360993104759847,-0.15302482992859942,0.0,137
1,3,1.0509246708957702,0.13412231012170187,0.0,138
2,1,1.54975385473829,-0.597944017423907,0.01851842011796355,139
2,3,2.235390417793603,-0.255411880662716,0.0,140
0,1,1.5338089334497402,0.17066878248510783,-0.3535771304022404,141
0,3,2.359543669991496,-0.2429598830788374,0.0,142
1,3,1.3239583174197558,0.14822347240413988,0.0,143
2,1,1.6389690199809002,-0.49702736270612446,2.3785451524273262,144
2,3,2.549698825885122,-0.2067119761011835,0.0,145
0,1,1.5394900225676846,0.16994790771738122,-0.3802524321411066,146
0,3,2.694612553002033,-0.3294091355981644,0.0,147
1,3,1.6242552040580318,0.17997474560625,0.0,148
2,1,1.5540544959586606,-0.5997827088759208,0.03196950923684464,149
2,3,2.8421649276165617,-0.1904188826098384,0.0,150
0,1,1.5384412673206793,0.16992360361285613,-0.3758229658958965,151
0,3,2.9616027745833686,-0.466700950744093,0.0,152
1,3,1.9144123782149114,0.1524196027985833,0.0,153
2,1,1.6471300624341827,-0.6329567302017216,0.05587571134371368,154
2,3,3.1239417992309497,-0.1880841028197619,0.0,155
0,1,1.5306801584809726,0.16960725215274017,-0.35878542718305806,156
0,3,3.1230816869124256,-0.5259156886325312,0.0,157
1,3,2.0210449891279274,0.15836642070233886,0.0,158
2,1,1.6376102298879125,-0.629521836615843,0.054149480773869406,159
2,3,3.1216829147814233,-0.1830237987816381,0.0,160
0,1,1.5236768825521543,0.1691456367638649,-0.35340311622265663,161
0,3,3.1176554737801347,-0.5261727070931456,0.0,162
1,3,2.062439434314138,0.1617296900421911,0.0,163
2,1,1.5314776314063907,-0.5914636296825764,0.03734828122849127,164
2,3,3.1998834491912986,-0.18712815189773896,0.0,165
0,1,1.559610164631568,0.17095476780926455,-0.3776723100963038,166
0,3,3.145422097291954,-0.5342327098033058,0.0,167
1,3,2.0701896930373844,0.15308619926645567,0.0,168
2,3,3.168891023806815,-0.21356634824751083,0.0,169
0,1,1.5077141030660326,0.16965289570497355,-0.33176549630128005,170
0,3,3.1662004582268723,-0.6255137755121548,0.0,171
1,3,2.1100856456601402,0.052040727815499344,0.0,172
2,3,3.2578403004063334,-0.3673718719064389,0.0,173
0,1,1.5370980765368059,0.1693031813189561,-0.36630461756661326,174
0,3,3.06980218819857,-0.7847418040245329,0.0,175
1,3,2.136051812640992,-0.1324301787916691,0.0,176
2,1,1.5107531773187606,-0.5844848993708396,0.004346633224269374,177
2,3,3.313791049702148,-0.5662716485510702,0.0,178
0,1,1.545243723195927,0.17138350216417925,-0.3701880632988371,179
0,3,3.0409717680964534,-1.0455649008719516,0.0,180
1,3,2.183475220540474,-0.3868618267990491,0.0,181
2,3,3.2146821362362425,-0.789874818633514,0.0,182
0,1,1.5430522300603686,0.16962300328927038,-0.38645168394482315,183
0,3,2.9953500640773885,-1.2434147251216292,0.0,184
1,3,2.1814438416452924,-0.5913882726687312,0.0,185
2,1,1.510369401745461,-0.5844729239571437,0.0024614499591924808,186
2,3,3.254399372410609,-1.0114086377913818,0.0,187
0,1,1.5437250229294335,0.17024818133671224,-0.38388728847432085,188
0,3,2.9159604321062815,-1.413606777774356,0.0,189
1,3,2.1779767931743477,-0.7407244602114997,0.0,190
2,1,1.5228403827152255,-0.588675993381198,0.04012838957139927,191
0,1,1.5348304780918531,0.16929363663753602,-0.3893540554472641,192
0,3,2.9363872269591638,-1.421206705202513,0.0,193
1,3,2.1908821754045205,-0.7445509500196847,0.0,194
2,1,1.5574308938772619,-0.6011755465734518,0.03461939992344558,195
0,1,1.522025003667792,0.1690392884755962,-0.36083476826343985,196
0,3,2.9721682016832323,-1.4387462764172751,0.0,197
1,3,2.142695930558812,-0.7251795687766012,0.0,198
0,1,1.5509293850739818,0.17155213331620922,-0.39113406673166157,199
0,3,2.74815543162628,-1.2758289655913753,0.0,200
1,3,2.1138968202171435,-0.6788341246302002,0.0,201
2,1,1.50656146382442,-0.5860602187925951,-0.03356537161676422,202
2,3,3.0365806986337396,-0.9284788190668674,0.0,203
0,1,1.558389347904668,0.17047090846152088,-0.400508656955337,204
0,3,2.765181459495895,-1.1646862013772283,0.0,205
1,3,1.8310540719019581,-0.496236286359594,0.0,206
2,1,1.5316706749954214,-0.5929596192040494,0.006137861073901577,207
2,3,2.738825248578447,-0.7555101188469437,0.0,208
0,1,1.5218656376468211,0.16917739826404066,-0.37081980965952577,209
0,3,2.5285369470745427,-0.7993587119488463,0.0,210
1,3,1.4631728260131989,-0.28477711214415924,0.0,211
2,3,2.462571490168154,-0.5995770501925759,0.0,212
0,1,1.5824031658264013,0.17072872461605637,-0.4195010232649223,213
0,3,2.327225010697071,-0.5362484716340254,0.0,214
1,3,1.234163440301483,-0.13530883283776426,0.0,215
2,3,2.2468557691091506,-0.469990713959568,0.0,216
0,1,1.5875727745192012,0.17090257918627694,-0.42561936942926615,217
0,3,2.1147127355267226,-0.30433422245021363,0.0,218
1,3,1.0129808633568582,0.00865286263200442,0.0,219
2,1,1.557185376917597,-0.6010594787684269,0.03772196699871105,220
2,3,2.0195740169729426,-0.3123361979488764,0.0,221
0,1,1.5595327226587308,0.1709315085704617,-0.3911315443819607,222
0,3,2.000260504071663,-0.13595499236778139,0.0,223
1,3,0.8805301457767218,0.09713626995972097,0.0,224
2,1,1.5446597765024244,-0.5965922775191062,0.03580065559665642,225
2,3,1.9786922924783832,-0.29348617099452046,0.0,226
0,1,1.5540040618984963,0.17068129046903985,-0.38465395173047945,227
0,3,2.013291276853868,-0.1371551318931707,0.0,228
1,3,0.9044533004488128,0.0973128422873533,0.0,229
2,1,1.530605447904291,-0.5931118498189942,0.015933014806625234,230
2,3,2.0015574948027917,-0.3002916345319195,0.0,231
0,1,1.5195936201169649,0.16882123445204647,-0.3699117230464987,232
1,3,1.0252625114347733,0.13431759629698423,0.0,233
2,1,1.5385530468457502,-0.5941239320025263,0.018180048261461267,234
2,3,2.100829157932659,-0.2571331987083857,0.0,235
0,1,1.5262173423729581,0.1691336228411925,-0.3745261899817924,236
0,3,2.1426510131895293,-0.15127183442706338,0.0,237
1,3,1.0247616137417446,0.13435621948565046,0.0,238
2,1,1.555811907506575,-0.6003409071856828,0.03331718363522077,239
2,3,2.1245944966456944,-0.24991718930626375,0.0,240
0,1,1.528182546704508,0.16927653028440515,-0.36481209269778425,241
0,3,2.272962595151984,-0.21226982879899234,0.0,242
1,3,1.2028492621239604,0.13059259157443137,0.0,243
2,1,1.5314776314063907,-0.5914636296825764,0.03734828122849127,244
2,3,3.1222174531086635,-0.1963373679573477,0.0,245
0,1,1.55606221315134,0.17016059987057924,-0.3776599944328507,246
0,3,3.1179332079884987,-0.5792854340140815,0.0,247
1,3,2.0946082977862917,0.08699936320029195,0.0,248
2,3,3.198308834653293,-0.31866441420834196,0.0,249
0,1,1.5406932095896282,0.1699956160529668,-0.37945899479849554,250
0,3,3.1227878758966066,-0.7520245256226462,0.0,251
1,3,2.1259831466743924,-0.08297378096657577,0.0,252
2,1,1.5194379426896332,-0.5875256781463735,0.02212468109233227,253
2,3,3.1909243050589966,-0.4977364499712216,0.0,254
0,1,1.545761226702782,0.16990195008810297,-0.39363850621063406,255
0,3,3.0045530720086226,-0.9807940778235673,0.0,256
1,3,2.141253754993095,-0.33196895906908497,0.0,257
2,1,1.5107531773187606,-0.5844848993708396,0.004346633224269374,258
2,3,3.1807811885702324,-0.7339939146409535,0.0,259
0,1,1.5430522300603686,0.16962300328927038,-0.38645168394482315,260
0,3,2.9953500640773885,-1.2434147251216292,0.0,261
1,3,2.1814438416452924,-0.5913882726687312,0.0,262
2,1,1.510369401745461,-0.5844729239571437,0.0024614499591924808,263
2,3,3.254399372410609,-1.0114086377913818,0.0,264
0,1,1.5437250229294335,0.17024818133671224,-0.38388728847432085,265
0,3,2.9159604321062815,-1.413606777774356,0.0,266
1,3,2.1779767931743477,-0.7407244602114997,0.0,267
2,1,1.5228403827152255,-0.588675993381198,0.04012838957139927,268
0,1,1.5348304780918531,0.16929363663753602,-0.3893540554472641,269
0,3,2.9363872269591638,-1.421206705202513,0.0,270
1,3,2.1908821754045205,-0.7445509500196847,0.0,271
2,1,1.5574308938772619,-0.6011755465734518,0.03461939992344558,272
0,1,1.522025003667792,0.1690392884755962,-0.36083476826343985,273
0,3,2.9721682016832323,-1.4387462764172751,0.0,274
1,3,2.142695930558812,-0.7251795687766012,0.0,275
0,1,1.5509293850739818,0.17155213331620922,-0.39113406673166157,276
0,3,2.74815543162628,-1.2758289655913753,0.0,277
1,3,2.1138968202171435,-0.6788341246302002,0.0,278
2,1,1.50656146382442,-0.5860602187925951,-0.03356537161676422,279
2,3,3.125953686580794,-0.9702779150220275,0.0,280
0,1,1.558389347904668,0.17047090846152088,-0.400508656955337,281
0,3,2.765181459495895,-1.1646862013772283,0.0,282
1,3,1.8310540719019581,-0.496236286359594,0.0,283
2,1,1.5316706749954214,-0.5929596192040494,0.006137861073901577,284
2,3,2.738825248578447,-0.7555101188469437,0.0,285
0,1,1.5218656376468211,0.16917739826404066,-0.37081980965952577,286
0,3,2.5285369470745427,-0.7993587119488463,0.0,287
1,3,1.4631728260131989,-0.28477711214415924,0.0,288
2,3,2.4843730813537745,-0.6238969927472764,0.0,289
0,1,1.5824031658264013,0.17072872461605637,-0.4195010232649223,290
0,3,2.327225010697071,-0.5362484716340254,0.0,291
1,3,1.234163440301483,-0.13530883283776426,0.0,292
2,3,2.2468557691091506,-0.469990713959568,0.0,293
0,1,1.5875727745192012,0.17090257918627694,-0.42561936942926615,294
0,3,2.1147127355267226,-0.30433422245021363,0.0,295
1,3,1.0129808633568582,0.00865286263200442,0.0,296
2,3,2.070816150353914,-0.3611735164782457,0.0,297
0,1,1.5298559159569118,0.1698777745430802,-0.37140635581451825,298
0,3,2.023068690988969,-0.14118808649131762,0.0,299
1,3,0.9047593553859123,0.09723137802025941,0.0,300
2,1,1.5584878944769476,-0.6010546045000106,0.03698756424919838,301
2,3,1.9633622577252718,-0.29854684346434907,0.0,302
0,1,1.5356725243067668,0.16951623330327545,-0.3715879759132035,303
0,3,2.005763296847191,-0.13690329248629698,0.0,304
1,3,0.9044533004488128,0.0973128422873533,0.0,305
2,1,1.530605447904291,-0.5931118498189942,0.015933014806625234,306
2,3,2.0015574948027917,-0.3002916345319195,0.0,307
0,1,1.5195936201169649,0.16882123445204647,-0.3699117230464987,308
0,3,2.013291276853868,-0.1371551318931707,0.0,309
1,3,1.0252625114347733,0.13431759629698423,0.0,310
2,1,1.5385530468457502,-0.5941239320025263,0.018180048261461267,311
2,3,2.116378112267875,-0.2603707923300575,0.0,312
1,3,1.0247724986353521,0.1341137824253661,0.0,313
2,1,1.4827286577886727,-0.5756672237638865,-0.03255550751187011,314
2,3,2.1384567754119885,-0.26221641250924677,0.0,315
0,1,1.5103702732592117,0.16954700611115672,-0.33722002644389626,316
0,3,2.1360993104759847,-0.15302482992859942,0.0,317
1,3,1.0879767583260127,0.13164076213002954,0.0,318
2,1,1.54975385473829,-0.597944017423907,0.01851842011796355,319
2,3,2.235390417793603,-0.255411880662716,0.0,320
0,1,1.5338089334497402,0.17066878248510783,-0.3535771304022404,321
0,3,2.359543669991496,-0.2429598830788374,0.0,322
1,3,1.3792023345009123,0.155368140553847,0.0,323
2,1,1.6389690199809002,-0.49702736270612446,2.3785451524273262,324
2,3,2.549698825885122,-0.2067119761011835,0.0,325
0,1,1.5394900225676846,0.16994790771738122,-0.3802524321411066,326
0,3,2.694612553002033,-0.3294091355981644,0.0,327
1,3,1.68759891302782,0.17702033023563932,0.0,328
2,1,1.5540544959586606,-0.5997827088759208,0.03196950923684464,329
2,3,2.8421649276165617,-0.1904188826098384,0.0,330
0,1,1.5384412673206793,0.16992360361285613,-0.3758229658958965,331
0,3,2.9007226761065072,-0.4727014956516178,0.0,332
1,3,1.9578428950097164,0.1509619696767841,0.0,333
2,1,1.6471300624341827,-0.6329567302017216,0.05587571134371368,334
2,3,3.1239417992309497,-0.1880841028197619,0.0,335
0,1,1.5306801584809726,0.16960725215274017,-0.35878542718305806,336
0,3,3.1595443623617125,-0.5358063165484763,0.0,337
1,3,2.07562905950984,0.16217940331453815,0.0,338
2,1,1.6376102298879125,-0.629521836615843,0.054149480773869406,339
2,3,3.1216829147814233,-0.1830237987816381,0.0,340
0,1,1.5236768825521543,0.1691456367638649,-0.35340311622265663,341
0,3,3.1176554737801347,-0.5261727070931456,0.0,342
1,3,2.0708229122381634,0.16113718619021927,0.0,343
2,1,1.5314776314063907,-0.5914636296825764,0.03734828122849127,344
2,3,3.1998834491912986,-0.18712815189773896,0.0,345
0,1,1.559610164631568,0.17095476780926455,-0.3776723100963038,346
0,3,3.145422097291954,-0.5342327098033058,0.0,347
1,3,2.0462008437711496,0.13998275668713045,0.0,348
2,3,3.168891023806815,-0.21356634824751083,0.0,349
0,1,1.5077141030660326,0.16965289570497355,-0.33176549630128005,350
0,3,3.1662004582268723,-0.6255137755121548,0.0,351
1,3,2.1107206514076062,0.005842588326313011,0.0,352
2,3,3.2578403004063334,-0.3673718719064389,0.0,353
0,1,1.5370980765368059,0.1693031813189561,-0.36630461756661326,354
0,3,3.1831987639375847,-0.8739344737049373,0.0,355
1,3,2.1743769408870492,-0.18655822985551287,0.0,356
2,1,1.5107531773187606,-0.5844848993708396,0.004346633224269374,357
2,3,3.313791049702148,-0.5662716485510702,0.0,358
0,1,1.545243723195927,0.17138350216417925,-0.3701880632988371,359
0,3,3.0409717680964534,-1.0455649008719516,0.0,360
1,3,2.181064593640758,-0.4357020277554263,0.0,361
2,3,3.2146821362362425,-0.789874818633514,0.0,362
0,1,1.5430522300603686,0.16962300328927038,-0.38645168394482315,363
0,3,2.9953500640773885,-1.2434147251216292,0.0,364
1,3,2.1668858283405834,-0.6402043929136118,0.0,365
2,1,1.510369401745461,-0.5844729239571437,0.0024614499591924808,366
2,3,3.254399372410609,-1.0114086377913818,0.0,367
0,1,1.5874278161401176,0.17221850792087212,-0.4200385095713305,368
0,3,3.0010793342819753,-1.4555439087710564,0.0,369
1,3,2.1868690614261097,-0.7417075398264922,0.0,370
2,1,1.5228403827152255,-0.588675993381198,0.04012838957139927,371
0,1,1.5348304780918531,0.16929363663753602,-0.3893540554472641,372
0,3,2.9363872269591638,-1.421206705202513,0.0,373
1,3,2.178987030947061,-0.7412296175202157,0.0,374
2,1,1.5574308938772619,-0.6011755465734518,0.03461939992344558,375
0,1,1.522025003667792,0.1690392884755962,-0.36083476826343985,376
0,3,2.9721682016832323,-1.4387462764172751,0.0,377
1,3,2.1291759434750963,-0.712421729157195,0.0,378
0,1,1.5509293850739818,0.17155213331620922,-0.39113406673166157,379
0,3,2.74815543162628,-1.2758289655913753,0.0,380
1,3,2.064057161587973,-0.6439107831776855,0.0,381
2,1,1.50656146382442,-0.5860602187925951,-0.03356537161676422,382
2,3,3.0365806986337396,-0.9284788190668674,0.0,383
0,1,1.5383087680834766,0.1709150236266019,-0.3683201880514333,384
0,3,2.7036307667671924,-1.0516590271025705,0.0,385
1,3,1.7675328317306103,-0.4570459096168753,0.0,386
2,1,1.5316706749954214,-0.5929596192040494,0.006137861073901577,387
2,3,2.738825248578447,-0.7555101188469437,0.0,388
0,1,1.5218656376468211,0.16917739826404066,-0.37081980965952577,389
0,3,2.3732121537356843,-0.6988448248064735,0.0,390
1,3,1.4308692174227156,-0.25023113667693886,0.0,391
2,3,2.462571490168154,-0.5995770501925759,0.0,392
0,1,1.5824031658264013,0.17072872461605637,-0.4195010232649223,393
0,3,2.327225010697071,-0.5362484716340254,0.0,394
1,3,1.1881548822136352,-0.10317522137612876,0.0,395
2,3,2.2468557691091506,-0.469990713959568,0.0,396
0,1,1.5875727745192012,0.17090257918627694,-0.42561936942926615,397
0,3,2.1147127355267226,-0.30433422245021363,0.0,398
1,3,0.9645787201754703,0.042822601611440976,0.0,399
2,1,1.557185376917597,-0.6010594787684269,0.03772196699871105,400
2,3,2.0195740169729426,-0.3123361979488764,0.0,401
0,1,1.5595327226587308,0.1709315085704617,-0.3911315443819607,402
0,3,1.994590722864549,-0.13464609656947946,0.0,403
1,3,0.9051539971611421,0.09721612733706085,0.0,404
2,1,1.5446597765024244,-0.5965922775191062,0.03580065559665642,405
2,3,1.9786922924783832,-0.29348617099452046,0.0,406
0,1,1.5195936201169649,0.16882123445204647,-0.3699117230464987,407
0,3,2.013291276853868,-0.1371551318931707,0.0,408
1,3,0.9044533004488128,0.0973128422873533,0.0,409
2,1,1.530605447904291,-0.5931118498189942,0.015933014806625234,410
2,3,2.0015574948027917,-0.3002916345319195,0.0,411
1,3,1.024898925672108,0.13427637478553606,0.0,412
2,1,1.5385530468457502,-0.5941239320025263,0.018180048261461267,413
2,3,2.116378112267875,-0.2603707923300575,0.0,414
1,3,1.0247724986353521,0.1341137824253661,0.0,415
2,1,1.4827286577886727,-0.5756672237638865,-0.03255550751187011,416
2,3,2.1384567754119885,-0.26221641250924677,0.0,417
0,1,1.5103702732592117,0.16954700611115672,-0.33722002644389626,418
0,3,2.1360993104759847,-0.15302482992859942,0.0,419
1,3,1.0509246708957702,0.13412231012170187,0.0,420
2,1,1.54975385473829,-0.597944017423907,0.01851842011796355,421
2,3,2.235390417793603,-0.255411880662716,0.0,422
0,1,1.5338089334497402,0.17066878248510783,-0.3535771304022404,423
0,3,2.359543669991496,-0.2429598830788374,0.0,424
1,3,1.3239583174197558,0.14822347240413988,0.0,425
2,1,1.6389690199809002,-0.49702736270612446,2.3785451524273262,426
2,3,2.549698825885122,-0.2067119761011835,0.0,427
0,1,1.5394900225676846,0.16994790771738122,-0.3802524321411066,428
0,3,2.694612553002033,-0.3294091355981644,0.0,429
1,3,1.6242552040580318,0.17997474560625,0.0,430
2,1,1.5540544959586606,-0.5997827088759208,0.03196950923684464,431
2,3,2.8421649276165617,-0.1904188826098384,0.0,432
0,1,1.5384412673206793,0.16992360361285613,-0.3758229658958965,433
0,3,2.9616027745833686,-0.466700950744093,0.0,434
1,3,1.9578428950097164,0.1509619696767841,0.0,435
2,1,1.6471300624341827,-0.6329567302017216,0.05587571134371368,436
2,3,3.1239417992309497,-0.1880841028197619,0.0,437
0,1,1.5306801584809726,0.16960725215274017,-0.35878542718305806,438
0,3,3.1230816869124256,-0.5259156886325312,0.0,439
1,3,2.07562905950984,0.16217940331453815,0.0,440
2,1,1.6376102298879125,-0.629521836615843,0.054149480773869406,441
2,3,3.1216829147814233,-0.1830237987816381,0.0,442
0,1,1.5236768825521543,0.1691456367638649,-0.35340311622265663,443
0,3,3.1176554737801347,-0.5261727070931456,0.0,444
1,3,2.0708229122381634,0.16113718619021927,0.0,445
2,1,1.5314776314063907,-0.5914636296825764,0.03734828122849127,446
2,3,3.1998834491912986,-0.18712815189773896,0.0,447
0,1,1.559610164631568,0.17095476780926455,-0.3776723100963038,448
0,3,3.145422097291954,-0.5342327098033058,0.0,449
1,3,2.0462008437711496,0.13998275668713045,0.0,450
2,3,3.168891023806815,-0.21356634824751083,0.0,451
0,1,1.5077141030660326,0.16965289570497355,-0.33176549630128005,452
0,3,3.1662004582268723,-0.6255137755121548,0.0,453
1,3,2.1100856456601402,0.052040727815499344,0.0,454
2,3,3.2578403004063334,-0.3673718719064389,0.0,455
0,1,1.5370980765368059,0.1693031813189561,-0.36630461756661326,456
0,3,3.06980218819857,-0.7847418040245329,0.0,457
1,3,2.1743769408870492,-0.18655822985551287,0.0,458
2,1,1.5107531773187606,-0.5844848993708396,0.004346633224269374,459
2,3,3.313791049702148,-0.5662716485510702,0.0,460
0,1,1.545243723195927,0.17138350216417925,-0.3701880632988371,461
0,3,3.0409717680964534,-1.0455649008719516,0.0,462
1,3,2.183475220540474,-0.3868618267990491,0.0,463
2,3,3.2146821362362425,-0.789874818633514,0.0,464
0,1,1.5430522300603686,0.16962300328927038,-0.38645168394482315,465
0,3,2.9953500640773885,-1.2434147251216292,0.0,466
1,3,2.1668858283405834,-0.6402043929136118,0.0,467
2,1,1.510369401745461,-0.5844729239571437,0.0024614499591924808,468
2,3,3.254399372410609,-1.0114086377913818,0.0,469
0,1,1.5437250229294335,0.17024818133671224,-0.38388728847432085,470
0,3,2.9159604321062815,-1.413606777774356,0.0,471
1,3,2.1868690614261097,-0.7417075398264922,0.0,472
2,1,1.5228403827152255,-0.588675993381198,0.04012838957139927,473
0,1,1.5348304780918531,0.16929363663753602,-0.3893540554472641,474
0,3,2.9363872269591638,-1.421206705202513,0.0,475
1,3,2.178987030947061,-0.7412296175202157,0.0,476
2,1,1.5574308938772619,-0.6011755465734518,0.03461939992344558,477
0,1,1.522025003667792,0.1690392884755962,-0.36083476826343985,478
0,3,2.9721682016832323,-1.4387462764172751,0.0,479
1,3,2.1291759434750963,-0.712421729157195,0.0,480
0,1,1.5509293850739818,0.17155213331620922,-0.39113406673166157,481
0,3,2.74815543162628,-1.2758289655913753,0.0,482
1,3,2.064057161587973,-0.6439107831776855,0.0,483
2,1,1.50656146382442,-0.5860602187925951,-0.03356537161676422,484
2,3,3.0365806986337396,-0.9284788190668674,0.0,485
0,1,1.558389347904668,0.17047090846152088,-0.400508656955337,486
0,3,2.765181459495895,-1.1646862013772283,0.0,487
1,3,1.7675328317306103,-0.4570459096168753,0.0,488
2,1,1.5316706749954214,-0.5929596192040494,0.006137861073901577,489
2,3,2.738825248578447,-0.7555101188469437,0.0,490
0,1,1.5218656376468211,0.16917739826404066,-0.37081980965952577,491
0,3,2.5285369470745427,-0.7993587119488463,0.0,492
1,3,1.4308692174227156,-0.25023113667693886,0.0,493
2,3,2.462571490168154,-0.5995770501925759,0.0,494
0,1,1.5824031658264013,0.17072872461605637,-0.4195010232649223,495
0,3,2.327225010697071,-0.5362484716340254,0.0,496
1,3,1.1881548822136352,-0.10317522137612876,0.0,497
2,3,2.2468557691091506,-0.469990713959568,0.0,498
0,1,1.5875727745192012,0.17090257918627694,-0.42561936942926615,499
0,3,2.1147127355267226,-0.30433422245021363,0.0,500
1,3,0.9645787201754703,0.042822601611440976,0.0,501
2,1,1.557185376917597,-0.6010594787684269,0.03772196699871105,502
2,3,2.0195740169729426,-0.3123361979488764,0.0,503
0,1,1.5595327226587308,0.1709315085704617,-0.3911315443819607,504
0,3,2.000260504071663,-0.13595499236778139,0.0,505
1,3,0.9051539971611421,0.09721612733706085,0.0,506
2,1,1.5446597765024244,-0.5965922775191062,0.03580065559665642,507
2,3,1.9786922924783832,-0.29348617099452046,0.0,508
0,1,1.5540040618984963,0.17068129046903985,-0.38465395173047945,509
0,3,2.013291276853868,-0.1371551318931707,0.0,510
1,3,0.9044533004488128,0.0973128422873533,0.0,511
2,1,1.530605447904291,-0.5931118498189942,0.015933014806625234,512
2,3,2.0015574948027917,-0.3002916345319195,0.0,513
0,1,1.5195936201169649,0.16882123445204647,-0.3699117230464987,514
0,3,2.8642018792594293,-0.409966857123696,0.0,515
1,3,1.799141264693882,0.15847890457227115,0.0,516
2,1,1.6471300624341827,-0.6329567302017216,0.05587571134371368,517
2,3,3.0310701065281247,-0.20247393244885778,0.0,518
0,1,1.546444051734305,0.16959202624894826,-0.3969366098348741,519
0,3,3.1252007086685194,-0.52681877830799,0.0,520
1,3,2.0419742986478706,0.15862651488485247,0.0,521
2,1,1.6376102298879125,-0.629521836615843,0.054149480773869406,522
2,3,3.136660517501354,-0.1856725077074181,0.0,523
0,1,1.5236768825521543,0.1691456367638649,-0.35340311622265663,524
0,3,3.1684502747192855,-0.5344082592892159,0.0,525
1,3,2.0298220011412584,0.15908514841306842,0.0,526
2,3,3.1389149937183936,-0.18752639465367407,0.0,527
0,1,1.5292341797978606,0.16943126825359361,-0.3612433328187673,528
0,3,3.1506942205515376,-0.5341504841885,0.0,529
1,3,2.041836467845033,0.15935802919746092,0.0,530
2,1,1.5314776314063907,-0.5914636296825764,0.03734828122849127,531
2,3,3.1173062840172463,-0.1833015544652822,0.0,532
0,1,1.5149866025684633,0.16864946889870516,-0.35786683363030847,533
0,3,3.2561110044658417,-0.579412991983763,0.0,534
1,3,2.103233063079077,0.11917946472838833,0.0,535
2,3,3.154179659151371,-0.2762819021410522,0.0,536
0,1,1.5406932095896282,0.1699956160529668,-0.37945899479849554,537
0,3,3.0669152905686494,-0.6980009306354706,0.0,538
1,3,2.1328233268635244,-0.03957214677848977,0.0,539
2,1,1.5194379426896332,-0.5875256781463735,0.02212468109233227,540
2,3,3.183967832264406,-0.44197685802151815,0.0,541
0,1,1.5496544673211712,0.17009343194693946,-0.39052582970355526,542
0,3,3.1084744301447103,-0.961929588751647,0.0,543
1,3,2.191429981761115,-0.29454203322152867,0.0,544
2,1,1.5107531773187606,-0.5844848993708396,0.004346633224269374,545
2,3,3.260892531077167,-0.7038394478392619,0.0,546
0,1,1.5746020748622749,0.1713178133246184,-0.4153193751342066,547
0,3,2.9775739126408283,-1.1824667345566389,0.0,548
1,3,2.1812353003182383,-0.5425044021018166,0.0,549
2,1,1.510369401745461,-0.5844729239571437,0.0024614499591924808,550
2,3,3.254399372410609,-1.0114086377913818,0.0,551
0,1,1.528345051975137,0.1691830974380886,-0.3799880528832283,552
0,3,2.8495489313799096,-1.3756354311324641,0.0,553
1,3,2.1790231707321563,-0.737746241882691,0.0,554
2,1,1.5228403827152255,-0.588675993381198,0.04012838957139927,555
0,1,1.5348304780918531,0.16929363663753602,-0.3893540554472641,556
0,3,2.9229177447974086,-1.416947806214387,0.0,557
1,3,2.196078986689807,-0.745741431107346,0.0,558
0,1,1.5439777141255908,0.1695174500084158,-0.39205894484761533,559
0,3,3.0242088863634384,-1.4658154161335013,0.0,560
1,3,2.1417704128411112,-0.7264309826393991,0.0,561
2,1,1.5574308938772619,-0.6011755465734518,0.03461939992344558,562
0,1,1.522025003667792,0.1690392884755962,-0.36083476826343985,563
0,3,2.7853484406728124,-1.3202416026126493,0.0,564
1,3,2.1133699744745984,-0.6932347164014765,0.0,565
2,1,1.50656146382442,-0.5860602187925951,-0.03356537161676422,566
2,3,3.2010130457438293,-1.0108857536832536,0.0,567
0,1,1.5068049223571425,0.16614325658850976,-0.43320849096086433,568
0,3,2.765181459495895,-1.1646862013772283,0.0,569
1,3,1.9096979367514069,-0.5430778703612914,0.0,570
2,1,1.5316706749954214,-0.5929596192040494,0.006137861073901577,571
2,3,2.9697969863726477,-0.8553988938053556,0.0,572
0,1,1.5218656376468211,0.16917739826404066,-0.37081980965952577,573
0,3,2.491528433816568,-0.8337533133689828,0.0,574
1,3,1.5680739983485363,-0.3358965781428224,0.0,575
2,3,2.6076933809697187,-0.6806005691856308,0.0,576
0,1,1.5824031658264013,0.17072872461605637,-0.4195010232649223,577
0,3,2.2866200233507716,-0.571641149353923,0.0,578
1,3,1.3000562460916503,-0.16977671755510804,0.0,579
2,3,2.3220560211155328,-0.506444976708019,0.0,580
0,1,1.5875727745192012,0.17090257918627694,-0.42561936942926615,581
0,3,2.1636922916129997,-0.36100794805617353,0.0,582
1,3,1.0664796732246176,-0.02763076558806201,0.0,583
2,3,2.140240283081122,-0.3980060326048817,0.0,584
0,1,1.5298559159569118,0.1698777745430802,-0.37140635581451825,585
0,3,1.9236578733625462,-0.154292258387827,0.0,586
1,3,0.9059098680248883,0.09138539369311759,0.0,587
2,1,1.5584878944769476,-0.6010546045000106,0.03698756424919838,588
2,3,1.998559225595564,-0.2992593899652371,0.0,589
0,1,1.5484376282494505,0.17094622574211718,-0.37852513057079784,590
0,3,1.989329371713489,-0.13642386789209995,0.0,591
1,3,0.9049780772469925,0.0972906016738618,0.0,592
2,1,1.5446597765024244,-0.5965922775191062,0.03580065559665642,593
2,3,2.0015574948027917,-0.3002916345319195,0.0,594
0,1,1.5195936201169649,0.16882123445204647,-0.3699117230464987,595
0,3,2.013291276853868,-0.1371551318931707,0.0,596
1,3,0.9044533004488128,0.0973128422873533,0.0,597
2,1,1.530605447904291,-0.5931118498189942,0.015933014806625234,598
2,3,2.112894319920683,-0.2608364534190248,0.0,599
1,3,1.0250432609148714,0.13430237576121792,0.0,600
2,1,1.5385530468457502,-0.5941239320025263,0.018180048261461267,601
2,3,2.100829157932659,-0.2571331987083857,0.0,602
0,1,1.5262173423729581,0.1691336228411925,-0.3745261899817924,603
0,3,2.1426510131895293,-0.15127183442706338,0.0,604
1,3,1.0288264029061998,0.134957161438349,0.0,605
2,1,1.555811907506575,-0.6003409071856828,0.03331718363522077,606
2,3,2.1477190794162113,-0.2564419162409273,0.0,607
0,1,1.528182546704508,0.16927653028440515,-0.36481209269778425,608
0,3,2.3042982818460214,-0.22967754409510924,0.0,609
1,3,1.2625342810955553,0.13842062688663614,0.0,610
2,1,1.54975385473829,-0.597944017423907,0.01851842011796355,611
2,3,2.4384760602485356,-0.22376437316636236,0.0,612
0,1,1.5394900225676846,0.16994790771738122,-0.3802524321411066,613
0,3,2.605256347962486,-0.3049144464692762,0.0,614
1,3,1.5635025100953193,0.17686500489561646,0.0,615
2,3,2.646128020337034,-0.18063981738469384,0.0,616
0,1,1.540283841975069,0.1698493760355196,-0.36283597494815945,617
0,3,2.8642018792594293,-0.409966857123696,0.0,618
1,3,1.799141264693882,0.15847890457227115,0.0,619
2,1,1.6471300624341827,-0.6329567302017216,0.05587571134371368,620
2,3,3.0057704663012417,-0.20127709680265812,0.0,621
0,1,1.546444051734305,0.16959202624894826,-0.3969366098348741,622
0,3,2.988003721308171,-0.4967296494459154,0.0,623
1,3,2.0419742986478706,0.15862651488485247,0.0,624
2,1,1.6376102298879125,-0.629521836615843,0.054149480773869406,625
2,3,2.9964552322590143,-0.1749594057249669,0.0,626
0,1,1.5436363085161307,0.16990211904516883,-0.38704319916685276,627
0,3,3.1684502747192855,-0.5344082592892159,0.0,628
1,3,2.0298220011412584,0.15908514841306842,0.0,629
2,3,3.1389149937183936,-0.18752639465367407,0.0,630
0,1,1.5306094302836204,0.17077586859095148,-0.35969756127382,631
0,3,3.2343550682658986,-0.5472397809230795,0.0,632
1,3,2.041836467845033,0.15935802919746092,0.0,633
2,1,1.5314776314063907,-0.5914636296825764,0.03734828122849127,634
2,3,3.14770900164777,-0.188187272106338,0.0,635
0,1,1.5808371139556598,0.1710187694811109,-0.4100580408767235,636
0,3,3.1695581669068216,-0.5506066185041026,0.0,637
1,3,2.103233063079077,0.11917946472838833,0.0,638
2,3,3.198079929170711,-0.2450227930388168,0.0,639
0,1,1.5077141030660326,0.16965289570497355,-0.33176549630128005,640
0,3,3.0669152905686494,-0.6980009306354706,0.0,641
1,3,2.1328233268635244,-0.03957214677848977,0.0,642
2,1,1.5194379426896332,-0.5875256781463735,0.02212468109233227,643
2,3,3.183967832264406,-0.44197685802151815,0.0,644
0,1,1.5499063206291994,0.17181532195401172,-0.3750482753850639,645
0,3,3.1141312855354064,-0.908798337161689,0.0,646
1,3,2.191429981761115,-0.29454203322152867,0.0,647
2,1,1.5107531773187606,-0.5844848993708396,0.004346633224269374,648
2,3,3.260892531077167,-0.7038394478392619,0.0,649
0,1,1.5746020748622749,0.1713178133246184,-0.4153193751342066,650
0,3,2.969171108415041,-1.1223685510416737,0.0,651
1,3,2.1812353003182383,-0.5425044021018166,0.0,652
2,1,1.510369401745461,-0.5844729239571437,0.0024614499591924808,653
2,3,3.2638932856938383,-0.9623750324204244,0.0,654
0,1,1.5505152675407607,0.1698363326194887,-0.3961920178310702,655
0,3,2.8106101945922735,-1.3263352005259388,0.0,656
1,3,2.1790231707321563,-0.737746241882691,0.0,657
2,1,1.5228403827152255,-0.588675993381198,0.04012838957139927,658
2,3,3.254399372410609,-1.0114086377913818,0.0,659
0,1,1.5348304780918531,0.16929363663753602,-0.3893540554472641,660
0,3,2.9229177447974086,-1.416947806214387,0.0,661
1,3,2.1908821754045205,-0.7445509500196847,0.0,662
2,1,1.5574308938772619,-0.6011755465734518,0.03461939992344558,663
0,1,1.522025003667792,0.1690392884755962,-0.36083476826343985,664
0,3,2.8372099436144054,-1.3730149381921952,0.0,665
1,3,2.142695930558812,-0.7251795687766012,0.0,666
0,3,2.90042365435914,-1.3930601488160614,0.0,667
1,3,2.1133699744745984,-0.6932347164014765,0.0,668
2,1,1.50656146382442,-0.5860602187925951,-0.03356537161676422,669
2,3,3.2010130457438293,-1.0108857536832536,0.0,670
0,1,1.5889654462290408,0.17372506272217678,-0.39755402191463707,671
0,3,2.7600571660913555,-1.1932852226004205,0.0,672
1,3,1.9096979367514069,-0.5430778703612914,0.0,673
2,1,1.5316706749954214,-0.5929596192040494,0.006137861073901577,674
2,3,2.9697969863726477,-0.8553988938053556,0.0,675
0,1,1.5396851449559537,0.16940291581589068,-0.38250741234370295,676
0,3,2.491528433816568,-0.8337533133689828,0.0,677
1,3,1.5680739983485363,-0.3358965781428224,0.0,678
2,3,2.6076933809697187,-0.6806005691856308,0.0,679
0,1,1.5824031658264013,0.17072872461605637,-0.4195010232649223,680
0,3,2.3590561219411494,-0.6422953233941562,0.0,681
1,3,1.3000562460916503,-0.16977671755510804,0.0,682
2,3,2.3629059738132265,-0.5361456027649436,0.0,683
0,1,1.5678847513871907,0.17062839957897796,-0.40178872830892415,684
0,3,2.1636922916129997,-0.36100794805617353,0.0,685
1,3,1.0664796732246176,-0.02763076558806201,0.0,686
2,3,2.140240283081122,-0.3980060326048817,0.0,687
0,1,1.5817490081306649,0.17094672860423712,-0.4162428235725817,688
0,3,1.9236578733625462,-0.154292258387827,0.0,689
1,3,0.9059098680248883,0.09138539369311759,0.0,690
2,1,1.5584878944769476,-0.6010546045000106,0.03698756424919838,691
2,3,1.998559225595564,-0.2992593899652371,0.0,692
0,1,1.5253783855451577,0.16903152934353521,-0.3760801373408626,693
0,3,1.9459296161657358,-0.12990368258224785,0.0,694
1,3,0.9049780772469925,0.0972906016738618,0.0,695
2,1,1.5446597765024244,-0.5965922775191062,0.03580065559665642,696
2,3,2.0015574948027917,-0.3002916345319195,0.0,697
0,1,1.5195936201169649,0.16882123445204647,-0.3699117230464987,698
0,3,2.013291276853868,-0.1371551318931707,0.0,699
1,3,0.9044533004488128,0.0973128422873533,0.0,700
2,1,1.530605447904291,-0.5931118498189942,0.015933014806625234,701
2,3,2.112894319920683,-0.2608364534190248,0.0,702
1,3,1.0252625114347733,0.13431759629698423,0.0,703
2,1,1.5385530468457502,-0.5941239320025263,0.018180048261461267,704
2,3,2.100829157932659,-0.2571331987083857,0.0,705
0,1,1.5262173423729581,0.1691336228411925,-0.3745261899817924,706
0,3,2.1426510131895293,-0.15127183442706338,0.0,707
1,3,1.0247616137417446,0.13435621948565046,0.0,708
2,1,1.555811907506575,-0.6003409071856828,0.03331718363522077,709
2,3,2.1477190794162113,-0.2564419162409273,0.0,710
0,1,1.528182546704508,0.16927653028440515,-0.36481209269778425,711
0,3,2.272962595151984,-0.21226982879899234,0.0,712
1,3,1.2028492621239604,0.13059259157443137,0.0,713
2,1,1.54975385473829,-0.597944017423907,0.01851842011796355,714
2,3,2.4384760602485356,-0.22376437316636236,0.0,715
0,1,1.5394900225676846,0.16994790771738122,-0.3802524321411066,716
0,3,2.5889732441259317,-0.2955060951297305,0.0,717
1,3,1.5031197913459275,0.16877921703925378,0.0,718
2,3,2.646128020337034,-0.18063981738469384,0.0,719
0,1,1.540283841975069,0.1698493760355196,-0.36283597494815945,720
0,3,2.896089413697545,-0.39232289271057136,0.0,721
1,3,1.7471901537578856,0.16874780046741059,0.0,722
2,1,1.6471300624341827,-0.6329567302017216,0.05587571134371368,723
2,3,3.0057704663012417,-0.20127709680265812,0.0,724
0,1,1.546444051734305,0.16959202624894826,-0.3969366098348741,725
0,3,2.988003721308171,-0.4967296494459154,0.0,726
1,3,2.0419742986478706,0.15862651488485247,0.0,727
2,1,1.6376102298879125,-0.629521836615843,0.054149480773869406,728
2,3,2.9964552322590143,-0.1749594057249669,0.0,729
0,1,1.5436363085161307,0.16990211904516883,-0.38704319916685276,730
0,3,3.118674099835011,-0.5254767886233521,0.0,731
1,3,2.069416352717692,0.15874968753070562,0.0,732
2,3,3.1389149937183936,-0.18752639465367407,0.0,733
0,1,1.5306094302836204,0.17077586859095148,-0.35969756127382,734
0,3,3.2343550682658986,-0.5472397809230795,0.0,735
1,3,2.0708229122381634,0.16113718619021927,0.0,736
2,1,1.5314776314063907,-0.5914636296825764,0.03734828122849127,737
2,3,3.14770900164777,-0.188187272106338,0.0,738
0,1,1.5808371139556598,0.1710187694811109,-0.4100580408767235,739
0,3,3.1695581669068216,-0.5506066185041026,0.0,740
1,3,2.0462008437711496,0.13998275668713045,0.0,741
2,3,3.198079929170711,-0.2450227930388168,0.0,742
0,1,1.5077141030660326,0.16965289570497355,-0.33176549630128005,743
0,3,3.0745579230631077,-0.6505877226200965,0.0,744
1,3,2.1328233268635244,-0.03957214677848977,0.0,745
2,1,1.5194379426896332,-0.5875256781463735,0.02212468109233227,746
2,3,3.183967832264406,-0.44197685802151815,0.0,747
0,1,1.5499063206291994,0.17181532195401172,-0.3750482753850639,748
0,3,3.1141312855354064,-0.908798337161689,0.0,749
1,3,2.1374793139699317,-0.23454601451010904,0.0,750
2,1,1.5107531773187606,-0.5844848993708396,0.004346633224269374,751
2,3,3.260892531077167,-0.7038394478392619,0.0,752
0,1,1.5746020748622749,0.1713178133246184,-0.4153193751342066,753
0,3,2.969171108415041,-1.1223685510416737,0.0,754
1,3,2.1812353003182383,-0.5425044021018166,0.0,755
2,1,1.510369401745461,-0.5844729239571437,0.0024614499591924808,756
2,3,3.2638932856938383,-0.9623750324204244,0.0,757
0,1,1.5505152675407607,0.1698363326194887,-0.3961920178310702,758
0,3,2.8106101945922735,-1.3263352005259388,0.0,759
1,3,2.1790231707321563,-0.737746241882691,0.0,760
2,1,1.5228403827152255,-0.588675993381198,0.04012838957139927,761
2,3,3.254399372410609,-1.0114086377913818,0.0,762
0,1,1.5348304780918531,0.16929363663753602,-0.3893540554472641,763
0,3,2.9229177447974086,-1.416947806214387,0.0,764
1,3,2.196078986689807,-0.745741431107346,0.0,765
2,1,1.5574308938772619,-0.6011755465734518,0.03461939992344558,766
0,1,1.522025003667792,0.1690392884755962,-0.36083476826343985,767
0,3,2.8372099436144054,-1.3730149381921952,0.0,768
1,3,2.165177162162146,-0.732037179132601,0.0,769
0,3,2.90042365435914,-1.3930601488160614,0.0,770
1,3,2.1133699744745984,-0.6932347164014765,0.0,771
2,1,1.50656146382442,-0.5860602187925951,-0.03356537161676422,772
2,3,3.2010130457438293,-1.0108857536832536,0.0,773
0,1,1.5889654462290408,0.17372506272217678,-0.39755402191463707,774
0,3,2.7600571660913555,-1.1932852226004205,0.0,775
1,3,1.9096979367514069,-0.5430778703612914,0.0,776
2,1,1.5316706749954214,-0.5929596192040494,0.006137861073901577,777
2,3,2.9697969863726477,-0.8553988938053556,0.0,778
0,1,1.5396851449559537,0.16940291581589068,-0.38250741234370295,779
0,3,2.548359858287369,-0.901173832915926,0.0,780
1,3,1.5680739983485363,-0.3358965781428224,0.0,781
2,3,2.6076933809697187,-0.6806005691856308,0.0,782
0,1,1.5824031658264013,0.17072872461605637,-0.4195010232649223,783
0,3,2.3590561219411494,-0.6422953233941562,0.0,784
1,3,1.3000562460916503,-0.16977671755510804,0.0,785
2,3,2.3629059738132265,-0.5361456027649436,0.0,786
0,1,1.5678847513871907,0.17062839957897796,-0.40178872830892415,787
0,3,2.272148763732306,-0.43518983636465797,0.0,788
1,3,1.0664796732246176,-0.02763076558806201,0.0,789
2,3,2.140240283081122,-0.3980060326048817,0.0,790
0,1,1.5817490081306649,0.17094672860423712,-0.4162428235725817,791
0,3,2.05776422555341,-0.20454922530350161,0.0,792
1,3,1.0250432609148714,0.13430237576121792,0.0,793
2,1,1.5385530468457502,-0.5941239320025263,0.018180048261461267,794
2,3,2.100829157932659,-0.2571331987083857,0.0,795
0,1,1.5262173423729581,0.1691336228411925,-0.3745261899817924,796
0,3,2.1426510131895293,-0.15127183442706338,0.0,797
1,3,1.0288264029061998,0.134957161438349,0.0,798
2,1,1.555811907506575,-0.6003409071856828,0.03331718363522077,799
2,3,2.1477190794162113,-0.2564419162409273,0.0,800
0,1,1.528182546704508,0.16927653028440515,-0.36481209269778425,801
0,3,2.3042982818460214,-0.22967754409510924,0.0,802
1,3,1.2625342810955553,0.13842062688663614,0.0,803
2,1,1.54975385473829,-0.597944017423907,0.01851842011796355,804
2,3,2.4384760602485356,-0.22376437316636236,0.0,805
0,1,1.5394900225676846,0.16994790771738122,-0.3802524321411066,806
0,3,2.5889732441259317,-0.2955060951297305,0.0,807
1,3,1.5635025100953193,0.17686500489561646,0.0,808
2,3,2.646128020337034,-0.18063981738469384,0.0,809
0,1,1.540283841975069,0.1698493760355196,-0.36283597494815945,810
0,3,2.896089413697545,-0.39232289271057136,0.0,811
1,3,1.799141264693882,0.15847890457227115,0.0,812
2,1,1.6471300624341827,-0.6329567302017216,0.05587571134371368,813
2,3,3.0057704663012417,-0.20127709680265812,0.0,814
0,1,1.546444051734305,0.16959202624894826,-0.3969366098348741,815
0,3,2.988003721308171,-0.4967296494459154,0.0,816
1,3,2.0419742986478706,0.15862651488485247,0.0,817
2,1,1.6376102298879125,-0.629521836615843,0.054149480773869406,818
2,3,2.9964552322590143,-0.1749594057249669,0.0,819
0,1,1.5436363085161307,0.16990211904516883,-0.38704319916685276,820
0,3,3.118674099835011,-0.5254767886233521,0.0,821
1,3,2.0298220011412584,0.15908514841306842,0.0,822
2,3,3.1389149937183936,-0.18752639465367407,0.0,823
0,1,1.5306094302836204,0.17077586859095148,-0.35969756127382,824
0,3,3.2343550682658986,-0.5472397809230795,0.0,825
1,3,2.041836467845033,0.15935802919746092,0.0,826
2,1,1.5314776314063907,-0.5914636296825764,0.03734828122849127,827
2,3,3.14770900164777,-0.188187272106338,0.0,828
0,1,1.5808371139556598,0.1710187694811109,-0.4100580408767235,829
0,3,3.1695581669068216,-0.5506066185041026,0.0,830
1,3,2.103233063079077,0.11917946472838833,0.0,831
2,3,3.198079929170711,-0.2450227930388168,0.0,832
0,1,1.5077141030660326,0.16965289570497355,-0.33176549630128005,833
0,3,3.0669152905686494,-0.6980009306354706,0.0,834
1,3,2.1328233268635244,-0.03957214677848977,0.0,835
2,1,1.5194379426896332,-0.5875256781463735,0.02212468109233227,836
2,3,3.183967832264406,-0.44197685802151815,0.0,837
0,1,1.5499063206291994,0.17181532195401172,-0.3750482753850639,838
0,3,3.1141312855354064,-0.908798337161689,0.0,839
1,3,2.191429981761115,-0.29454203322152867,0.0,840
2,1,1.5107531773187606,-0.5844848993708396,0.004346633224269374,841
2,3,3.260892531077167,-0.7038394478392619,0.0,842
0,1,1.5746020748622749,0.1713178133246184,-0.4153193751342066,843
0,3,2.969171108415041,-1.1223685510416737,0.0,844
1,3,2.1812353003182383,-0.5425044021018166,0.0,845
2,1,1.510369401745461,-0.5844729239571437,0.0024614499591924808,846
2,3,3.2638932856938383,-0.9623750324204244,0.0,847
0,1,1.5505152675407607,0.1698363326194887,-0.3961920178310702,848
0,3,2.8106101945922735,-1.3263352005259388,0.0,849
1,3,2.1790231707321563,-0.737746241882691,0.0,850
2,1,1.5228403827152255,-0.588675993381198,0.04012838957139927,851
2,3,3.254399372410609,-1.0114086377913818,0.0,852
0,1,1.5348304780918531,0.16929363663753602,-0.3893540554472641,853
0,3,2.9229177447974086,-1.416947806214387,0.0,854
1,3,2.1908821754045205,-0.7445509500196847,0.0,855
2,1,1.5574308938772619,-0.6011755465734518,0.03461939992344558,856
0,1,1.522025003667792,0.1690392884755962,-0.36083476826343985,857
0,3,2.8372099436144054,-1.3730149381921952,0.0,858
1,3,2.142695930558812,-0.7251795687766012,0.0,859
0,3,2.90042365435914,-1.3930601488160614,0.0,860
1,3,2.1133699744745984,-0.6932347164014765,0.0,861
2,1,1.50656146382442,-0.5860602187925951,-0.03356537161676422,862
2,3,3.2010130457438293,-1.0108857536832536,0.0,863
0,1,1.5889654462290408,0.17372506272217678,-0.39755402191463707,864
0,3,2.7600571660913555,-1.1932852226004205,0.0,865
1,3,1.9096979367514069,-0.5430778703612914,0.0,866
2,1,1.5316706749954214,-0.5929596192040494,0.006137861073901577,867
2,3,2.9697969863726477,-0.8553988938053556,0.0,868
0,1,1.5396851449559537,0.16940291581589068,-0.38250741234370295,869
0,3,2.491528433816568,-0.8337533133689828,0.0,870
1,3,1.5680739983485363,-0.3358965781428224,0.0,871
2,3,2.6076933809697187,-0.6806005691856308,0.0,872
0,1,1.5824031658264013,0.17072872461605637,-0.4195010232649223,873
0,3,2.3590561219411494,-0.6422953233941562,0.0,874
1,3,1.3000562460916503,-0.16977671755510804,0.0,875
2,3,2.3629059738132265,-0.5361456027649436,0.0,876
0,1,1.5678847513871907,0.17062839957897796,-0.40178872830892415,877
0,3,2.272148763732306,-0.43518983636465797,0.0,878
1,3,1.0664796732246176,-0.02763076558806201,0.0,879
2,3,2.140240283081122,-0.3980060326048817,0.0,880
0,1,1.5817490081306649,0.17094672860423712,-0.4162428235725817,881
0,3,1.9236578733625462,-0.154292258387827,0.0,882
1,3,0.9059098680248883,0.09138539369311759,0.0,883
2,1,1.5584878944769476,-0.6010546045000106,0.03698756424919838,884
2,3,1.998559225595564,-0.2992593899652371,0.0,885
0,1,1.5253783855451577,0.16903152934353521,-0.3760801373408626,886
0,3,1.9459296161657358,-0.12990368258224785,0.0,887
1,3,0.9049780772469925,0.0972906016738618,0.0,888
2,1,1.5446597765024244,-0.5965922775191062,0.03580065559665642,889
2,3,2.0015574948027917,-0.3002916345319195,0.0,890
0,1,1.5195936201169649,0.16882123445204647,-0.3699117230464987,891
0,3,2.013291276853868,-0.1371551318931707,0.0,892
1,3,0.9044533004488128,0.0973128422873533,0.0,893
2,1,1.530605447904291,-0.5931118498189942,0.015933014806625234,894
2,3,2.112894319920683,-0.2608364534190248,0.0,895
1,3,1.0252625114347733,0.13431759629698423,0.0,896
2,1,1.5385530468457502,-0.5941239320025263,0.018180048261461267,897
2,3,2.100829157932659,-0.2571331987083857,0.0,898
0,1,1.5262173423729581,0.1691336228411925,-0.3745261899817924,899
0,3,2.1426510131895293,-0.15127183442706338,0.0,900
1,3,1.0247616137417446,0.13435621948565046,0.0,901
2,1,1.555811907506575,-0.6003409071856828,0.03331718363522077,902
2,3,2.1477190794162113,-0.2564419162409273,0.0,903
0,1,1.528182546704508,0.16927653028440515,-0.36481209269778425,904
0,3,2.272962595151984,-0.21226982879899234,0.0,905
1,3,1.2028492621239604,0.13059259157443137,0.0,906
2,1,1.54975385473829,-0.597944017423907,0.01851842011796355,907
2,3,2.4384760602485356,-0.22376437316636236,0.0,908
0,1,1.5394900225676846,0.16994790771738122,-0.3802524321411066,909
0,3,2.5889732441259317,-0.2955060951297305,0.0,910
1,3,1.5031197913459275,0.16877921703925378,0.0,911
2,3,2.646128020337034,-0.18063981738469384,0.0,912
0,1,1.540283841975069,0.1698493760355196,-0.36283597494815945,913
0,3,2.896089413697545,-0.39232289271057136,0.0,914
1,3,1.7471901537578856,0.16874780046741059,0.0,915
2,1,1.6471300624341827,-0.6329567302017216,0.05587571134371368,916
2,3,3.0057704663012417,-0.20127709680265812,0.0,917
0,1,1.546444051734305,0.16959202624894826,-0.3969366098348741,918
0,3,2.988003721308171,-0.4967296494459154,0.0,919
1,3,1.9607069739999983,0.1505103780547937,0.0,920
2,1,1.6376102298879125,-0.629521836615843,0.054149480773869406,921
2,3,2.9964552322590143,-0.1749594057249669,0.0,922
0,1,1.5436363085161307,0.16990211904516883,-0.38704319916685276,923
0,3,3.118674099835011,-0.5254767886233521,0.0,924
1,3,2.069416352717692,0.15874968753070562,0.0,925
2,3,3.1389149937183936,-0.18752639465367407,0.0,926
0,1,1.5306094302836204,0.17077586859095148,-0.35969756127382,927
0,3,3.2343550682658986,-0.5472397809230795,0.0,928
1,3,2.0708229122381634,0.16113718619021927,0.0,929
2,1,1.5314776314063907,-0.5914636296825764,0.03734828122849127,930
2,3,3.14770900164777,-0.188187272106338,0.0,931
0,1,1.5808371139556598,0.1710187694811109,-0.4100580408767235,932
0,3,3.1695581669068216,-0.5506066185041026,0.0,933
1,3,2.0462008437711496,0.13998275668713045,0.0,934
2,3,3.198079929170711,-0.2450227930388168,0.0,935
0,1,1.5077141030660326,0.16965289570497355,-0.33176549630128005,936
0,3,3.0745579230631077,-0.6505877226200965,0.0,937
1,3,2.1107206514076062,0.005842588326313011,0.0,938
2,1,1.5194379426896332,-0.5875256781463735,0.02212468109233227,939
2,3,3.183967832264406,-0.44197685802151815,0.0,940
0,1,1.5499063206291994,0.17181532195401172,-0.3750482753850639,941
0,3,3.1141312855354064,-0.908798337161689,0.0,942
1,3,2.1374793139699317,-0.23454601451010904,0.0,943
2,1,1.5107531773187606,-0.5844848993708396,0.004346633224269374,944
2,3,3.260892531077167,-0.7038394478392619,0.0,945
0,1,1.5746020748622749,0.1713178133246184,-0.4153193751342066,946
0,3,2.969171108415041,-1.1223685510416737,0.0,947
1,3,2.19737336028987,-0.4925600389675506,0.0,948
2,1,1.510369401745461,-0.5844729239571437,0.0024614499591924808,949
2,3,3.2638932856938383,-0.9623750324204244,0.0,950
0,1,1.5505152675407607,0.1698363326194887,-0.3961920178310702,951
0,3,2.8106101945922735,-1.3263352005259388,0.0,952
1,3,2.19067093206624,-0.7321538593422641,0.0,953
2,1,1.5228403827152255,-0.588675993381198,0.04012838957139927,954
2,3,3.254399372410609,-1.0114086377913818,0.0,955
0,1,1.5348304780918531,0.16929363663753602,-0.3893540554472641,956
0,3,2.9229177447974086,-1.416947806214387,0.0,957
1,3,2.196078986689807,-0.745741431107346,0.0,958
2,1,1.5574308938772619,-0.6011755465734518,0.03461939992344558,959
0,1,1.522025003667792,0.1690392884755962,-0.36083476826343985,960
0,3,2.8372099436144054,-1.3730149381921952,0.0,961
1,3,2.165177162162146,-0.732037179132601,0.0,962
0,3,2.90042365435914,-1.3930601488160614,0.0,963
1,3,2.1291759434750963,-0.712421729157195,0.0,964
2,1,1.50656146382442,-0.5860602187925951,-0.03356537161676422,965
2,3,3.2010130457438293,-1.0108857536832536,0.0,966
0,1,1.5889654462290408,0.17372506272217678,-0.39755402191463707,967
0,3,2.7600571660913555,-1.1932852226004205,0.0,968
1,3,1.9672434624712734,-0.5826162983875154,0.0,969
2,1,1.5316706749954214,-0.5929596192040494,0.006137861073901577,970
2,3,2.9697969863726477,-0.8553988938053556,0.0,971
0,1,1.5396851449559537,0.16940291581589068,-0.38250741234370295,972
0,3,2.548359858287369,-0.901173832915926,0.0,973
1,3,1.6265468714343572,-0.3746298035975094,0.0,974
2,3,2.6076933809697187,-0.6806005691856308,0.0,975
0,1,1.5824031658264013,0.17072872461605637,-0.4195010232649223,976
0,3,2.3590561219411494,-0.6422953233941562,0.0,977
1,3,1.3621344134599882,-0.20804508280808987,0.0,978
2,3,2.3629059738132265,-0.5361456027649436,0.0,979
0,1,1.5678847513871907,0.17062839957897796,-0.40178872830892415,980
0,3,2.272148763732306,-0.43518983636465797,0.0,981
1,3,1.1263903189167332,-0.06609797436512906,0.0,982
2,3,2.140240283081122,-0.3980060326048817,0.0,983
0,1,1.5817490081306649,0.17094672860423712,-0.4162428235725817,984
0,3,2.05776422555341,-0.20454922530350161,0.0,985
1,3,0.9270989558673752,0.07236724573720733,0.0,986
2,1,1.5584878944769476,-0.6010546045000106,0.03698756424919838,987
2,3,1.998559225595564,-0.2992593899652371,0.0,988
0,1,1.5253783855451577,0.16903152934353521,-0.3760801373408626,989
0,3,1.9459296161657358,-0.12990368258224785,0.0,990
1,3,0.9042075315681024,0.09704462395907137,0.0,991
2,1,1.5446597765024244,-0.5965922775191062,0.03580065559665642,992
2,3,2.0015574948027917,-0.3002916345319195,0.0,993
0,1,1.5195936201169649,0.16882123445204647,-0.3699117230464987,994
0,3,2.013291276853868,-0.1371551318931707,0.0,995
1,3,0.9044533004488128,0.0973128422873533,0.0,996
2,1,1.530605447904291,-0.5931118498189942,0.015933014806625234,997
2,3,2.110033693592164,-0.25920021324614717,0.0,998
1,3,1.0250432609148714,0.13430237576121792,0.0,999
2,1,1.571833383978343,-0.6058675877102692,0.03962544329432115,1000
2,3,2.1165960998691995,-0.2608355791581157,0.0,1001
0,1,1.5334279739388834,0.16966710183756317,-0.3781572852580142,1002
0,3,2.1479797923827197,-0.15234608686832998,0.0,1003
1,3,1.0288264029061998,0.134957161438349,0.0,1004
2,1,1.555811907506575,-0.6003409071856828,0.03331718363522077,1005
2,3,2.1477190794162113,-0.2564419162409273,0.0,1006
0,1,1.5338089334497402,0.17066878248510783,-0.3535771304022404,1007
0,3,2.3042982818460214,-0.22967754409510924,0.0,1008
1,3,1.2625342810955553,0.13842062688663614,0.0,1009
2,1,1.54975385473829,-0.597944017423907,0.01851842011796355,1010
2,3,2.457847481150525,-0.21158411788118528,0.0,1011
0,1,1.5394900225676846,0.16994790771738122,-0.3802524321411066,1012
0,3,2.605256347962486,-0.3049144464692762,0.0,1013
1,3,1.5635025100953193,0.17686500489561646,0.0,1014
2,1,1.5540544959586606,-0.5997827088759208,0.03196950923684464,1015
2,3,2.7717628640001246,-0.18859331943136004,0.0,1016
0,1,1.540283841975069,0.1698493760355196,-0.36283597494815945,1017
0,3,2.9698751224894173,-0.454153976072724,0.0,1018
1,3,1.8662679139576777,0.15363109835795716,0.0,1019
2,1,1.6471300624341827,-0.6329567302017216,0.05587571134371368,1020
2,3,3.1042048240974824,-0.19006702640501794,0.0,1021
0,1,1.5306801584809726,0.16960725215274017,-0.35878542718305806,1022
0,3,3.1218505588159555,-0.5266816740632838,0.0,1023
1,3,2.052604288154604,0.1582936672708067,0.0,1024
2,1,1.6376102298879125,-0.629521836615843,0.054149480773869406,1025
2,3,3.122388077440884,-0.1831387032528412,0.0,1026
0,1,1.5236768825521543,0.1691456367638649,-0.35340311622265663,1027
0,3,3.1281905089138373,-0.5270042412550189,0.0,1028
1,3,2.039239173693669,0.15926201927372943,0.0,1029
2,1,1.5314776314063907,-0.5914636296825764,0.03734828122849127,1030
2,3,3.1529291077127426,-0.18806304838428753,0.0,1031
0,1,1.559610164631568,0.17095476780926455,-0.3776723100963038,1032
0,3,3.1395202424690862,-0.530342250563551,0.0,1033
1,3,2.0665610345670404,0.16030179818702647,0.0,1034
2,3,3.1222174531086635,-0.1963373679573477,0.0,1035
0,1,1.55606221315134,0.17016059987057924,-0.3776599944328507,1036
0,3,3.1179332079884987,-0.5792854340140815,0.0,1037
1,3,2.0946082977862917,0.08699936320029195,0.0,1038
2,3,3.198308834653293,-0.31866441420834196,0.0,1039
0,1,1.5406932095896282,0.1699956160529668,-0.37945899479849554,1040
0,3,3.1227878758966066,-0.7520245256226462,0.0,1041
1,3,2.1259831466743924,-0.08297378096657577,0.0,1042
2,1,1.5472769987717911,-0.59718639324486,0.02298755461087681,1043
2,3,3.313791049702148,-0.5662716485510702,0.0,1044
0,1,1.545761226702782,0.16990195008810297,-0.39363850621063406,1045
0,3,3.0045530720086226,-0.9807940778235673,0.0,1046
1,3,2.141253754993095,-0.33196895906908497,0.0,1047
2,1,1.5107531773187606,-0.5844848993708396,0.004346633224269374,1048
2,3,3.2146821362362425,-0.789874818633514,0.0,1049
0,1,1.5430522300603686,0.16962300328927038,-0.38645168394482315,1050
0,3,2.9953500640773885,-1.2434147251216292,0.0,1051
1,3,2.1814438416452924,-0.5913882726687312,0.0,1052
2,1,1.510369401745461,-0.5844729239571437,0.0024614499591924808,1053
2,3,3.254399372410609,-1.0114086377913818,0.0,1054
0,1,1.5437250229294335,0.17024818133671224,-0.38388728847432085,1055
0,3,2.9159604321062815,-1.413606777774356,0.0,1056
1,3,2.1779767931743477,-0.7407244602114997,0.0,1057
2,1,1.5228403827152255,-0.588675993381198,0.04012838957139927,1058
0,1,1.5348304780918531,0.16929363663753602,-0.3893540554472641,1059
0,3,2.9363872269591638,-1.421206705202513,0.0,1060
1,3,2.1908821754045205,-0.7445509500196847,0.0,1061
2,1,1.5574308938772619,-0.6011755465734518,0.03461939992344558,1062
0,1,1.522025003667792,0.1690392884755962,-0.36083476826343985,1063
0,3,2.9721682016832323,-1.4387462764172751,0.0,1064
1,3,2.142695930558812,-0.7251795687766012,0.0,1065
0,1,1.5509293850739818,0.17155213331620922,-0.39113406673166157,1066
0,3,2.74815543162628,-1.2758289655913753,0.0,1067
1,3,2.1138968202171435,-0.6788341246302002,0.0,1068
2,1,1.50656146382442,-0.5860602187925951,-0.03356537161676422,1069
2,3,3.0365806986337396,-0.9284788190668674,0.0,1070
0,1,1.5195936201169649,0.16882123445204647,-0.3699117230464987,1071
0,3,2.013291276853868,-0.1371551318931707,0.0,1072
1,3,0.9044533004488128,0.0973128422873533,0.0,1073
2,1,1.530605447904291,-0.5931118498189942,0.015933014806625234,1074
2,3,2.0015574948027917,-0.3002916345319195,0.0,1075
1,3,1.024898925672108,0.13427637478553606,0.0,1076
2,1,1.5385530468457502,-0.5941239320025263,0.018180048261461267,1077
2,3,2.116378112267875,-0.2603707923300575,0.0,1078
1,3,1.024603506843926,0.13429157231567107,0.0,1079
2,1,1.4827286577886727,-0.5756672237638865,-0.03255550751187011,1080
2,3,2.1384567754119885,-0.26221641250924677,0.0,1081
0,1,1.5103702732592117,0.16954700611115672,-0.33722002644389626,1082
0,3,2.1360993104759847,-0.15302482992859942,0.0,1083
1,3,1.0509246708957702,0.13412231012170187,0.0,1084
2,1,1.54975385473829,-0.597944017423907,0.01851842011796355,1085
2,3,2.235390417793603,-0.255411880662716,0.0,1086
0,1,1.5338089334497402,0.17066878248510783,-0.3535771304022404,1087
0,3,2.359543669991496,-0.2429598830788374,0.0,1088
1,3,1.3239583174197558,0.14822347240413988,0.0,1089
2,1,1.6389690199809002,-0.49702736270612446,2.3785451524273262,1090
2,3,2.549698825885122,-0.2067119761011835,0.0,1091
0,1,1.5394900225676846,0.16994790771738122,-0.3802524321411066,1092
0,3,2.694612553002033,-0.3294091355981644,0.0,1093
1,3,1.6242552040580318,0.17997474560625,0.0,1094
2,1,1.5540544959586606,-0.5997827088759208,0.03196950923684464,1095
2,3,2.8421649276165617,-0.1904188826098384,0.0,1096
0,1,1.5384412673206793,0.16992360361285613,-0.3758229658958965,1097
0,3,2.9616027745833686,-0.466700950744093,0.0,1098
1,3,1.9144123782149114,0.1524196027985833,0.0,1099
2,1,1.6471300624341827,-0.6329567302017216,0.05587571134371368,1100
2,3,3.1239417992309497,-0.1880841028197619,0.0,1101
0,1,1.5306801584809726,0.16960725215274017,-0.35878542718305806,1102
0,3,3.1230816869124256,-0.5259156886325312,0.0,1103
1,3,2.0210449891279274,0.15836642070233886,0.0,1104
2,1,1.6376102298879125,-0.629521836615843,0.054149480773869406,1105
2,3,3.1216829147814233,-0.1830237987816381,0.0,1106
0,1,1.5236768825521543,0.1691456367638649,-0.35340311622265663,1107
0,3,3.1176554737801347,-0.5261727070931456,0.0,1108
1,3,2.062439434314138,0.1617296900421911,0.0,1109
2,1,1.5314776314063907,-0.5914636296825764,0.03734828122849127,1110
2,3,3.1998834491912986,-0.18712815189773896,0.0,1111
0,1,1.559610164631568,0.17095476780926455,-0.3776723100963038,1112
0,3,3.145422097291954,-0.5342327098033058,0.0,1113
1,3,2.0701896930373844,0.15308619926645567,0.0,1114
2,3,3.168891023806815,-0.21356634824751083,0.0,1115
0,1,1.5077141030660326,0.16965289570497355,-0.33176549630128005,1116
0,3,3.1662004582268723,-0.6255137755121548,0.0,1117
1,3,2.1100856456601402,0.052040727815499344,0.0,1118
2,3,3.2578403004063334,-0.3673718719064389,0.0,1119
0,1,1.5370980765368059,0.1693031813189561,-0.36630461756661326,1120
0,3,3.06980218819857,-0.7847418040245329,0.0,1121
1,3,2.136051812640992,-0.1324301787916691,0.0,1122
2,1,1.5107531773187606,-0.5844848993708396,0.004346633224269374,1123
2,3,3.313791049702148,-0.5662716485510702,0.0,1124
0,1,1.545243723195927,0.17138350216417925,-0.3701880632988371,1125
0,3,3.0409717680964534,-1.0455649008719516,0.0,1126
1,3,2.183475220540474,-0.3868618267990491,0.0,1127
2,3,3.2146821362362425,-0.789874818633514,0.0,1128
0,1,1.5430522300603686,0.16962300328927038,-0.38645168394482315,1129
0,3,2.9953500640773885,-1.2434147251216292,0.0,1130
1,3,2.1814438416452924,-0.5913882726687312,0.0,1131
2,1,1.510369401745461,-0.5844729239571437,0.0024614499591924808,1132
2,3,3.254399372410609,-1.0114086377913818,0.0,1133
0,1,1.5437250229294335,0.17024818133671224,-0.38388728847432085,1134
0,3,2.9159604321062815,-1.413606777774356,0.0,1135
1,3,2.1779767931743477,-0.7407244602114997,0.0,1136
2,1,1.5228403827152255,-0.588675993381198,0.04012838957139927,1137
0,1,1.5348304780918531,0.16929363663753602,-0.3893540554472641,1138
0,3,2.9363872269591638,-1.421206705202513,0.0,1139
1,3,2.1908821754045205,-0.7445509500196847,0.0,1140
2,1,1.5574308938772619,-0.6011755465734518,0.03461939992344558,1141
0,1,1.522025003667792,0.1690392884755962,-0.36083476826343985,1142
0,3,2.9721682016832323,-1.4387462764172751,0.0,1143
1,3,2.142695930558812,-0.7251795687766012,0.0,1144
0,1,1.5509293850739818,0.17155213331620922,-0.39113406673166157,1145
0,3,2.74815543162628,-1.2758289655913753,0.0,1146
1,3,2.1138968202171435,-0.6788341246302002,0.0,1147
2,1,1.50656146382442,-0.5860602187925951,-0.03356537161676422,1148
2,3,3.0365806986337396,-0.9284788190668674,0.0,1149
0,1,1.558389347904668,0.17047090846152088,-0.400508656955337,1150
0,3,2.765181459495895,-1.1646862013772283,0.0,1151
1,3,1.8310540719019581,-0.496236286359594,0.0,1152
2,1,1.5316706749954214,-0.5929596192040494,0.006137861073901577,1153
2,3,2.738825248578447,-0.7555101188469437,0.0,1154
0,1,1.5218656376468211,0.16917739826404066,-0.37081980965952577,1155
0,3,2.5285369470745427,-0.7993587119488463,0.0,1156
1,3,1.4631728260131989,-0.28477711214415924,0.0,1157
2,3,2.462571490168154,-0.5995770501925759,0.0,1158
0,1,1.5824031658264013,0.17072872461605637,-0.4195010232649223,1159
0,3,2.327225010697071,-0.5362484716340254,0.0,1160
1,3,1.234163440301483,-0.13530883283776426,0.0,1161
2,3,2.2468557691091506,-0.469990713959568,0.0,1162
0,1,1.5875727745192012,0.17090257918627694,-0.42561936942926615,1163
0,3,2.1147127355267226,-0.30433422245021363,0.0,1164
1,3,1.0129808633568582,0.00865286263200442,0.0,1165
2,1,1.557185376917597,-0.6010594787684269,0.03772196699871105,1166
2,3,2.0195740169729426,-0.3123361979488764,0.0,1167
0,1,1.5595327226587308,0.1709315085704617,-0.3911315443819607,1168
0,3,2.000260504071663,-0.13595499236778139,0.0,1169
1,3,0.8805301457767218,0.09713626995972097,0.0,1170
2,1,1.5446597765024244,-0.5965922775191062,0.03580065559665642,1171
2,3,1.9786922924783832,-0.29348617099452046,0.0,1172
0,1,1.5540040618984963,0.17068129046903985,-0.38465395173047945,1173
0,3,2.013291276853868,-0.1371551318931707,0.0,1174
1,3,0.9044533004488128,0.0973128422873533,0.0,1175
2,1,1.530605447904291,-0.5931118498189942,0.015933014806625234,1176
2,3,2.0015574948027917,-0.3002916345319195,0.0,1177
0,1,1.5195936201169649,0.16882123445204647,-0.3699117230464987,1178
1,3,1.0252625114347733,0.13431759629698423,0.0,1179
2,1,1.5385530468457502,-0.5941239320025263,0.018180048261461267,1180
2,3,2.100829157932659,-0.2571331987083857,0.0,1181
0,1,1.5262173423729581,0.1691336228411925,-0.3745261899817924,1182
0,3,2.1426510131895293,-0.15127183442706338,0.0,1183
1,3,1.0247616137417446,0.13435621948565046,0.0,1184
2,1,1.555811907506575,-0.6003409071856828,0.03331718363522077,1185
2,3,2.1245944966456944,-0.24991718930626375,0.0,1186
0,1,1.528182546704508,0.16927653028440515,-0.36481209269778425,1187
0,3,2.272962595151984,-0.21226982879899234,0.0,1188
1,3,1.2028492621239604,0.13059259157443137,0.0,1189
2,1,1.54975385473829,-0.597944017423907,0.01851842011796355,1190
2,3,2.4384760602485356,-0.22376437316636236,0.0,1191
0,1,1.5394900225676846,0.16994790771738122,-0.3802524321411066,1192
0,3,2.5889732441259317,-0.2955060951297305,0.0,1193
1,3,1.5031197913459275,0.16877921703925378,0.0,1194
2,3,2.646128020337034,-0.18063981738469384,0.0,1195
0,1,1.540283841975069,0.1698493760355196,-0.36283597494815945,1196
0,3,2.896089413697545,-0.39232289271057136,0.0,1197
1,3,1.7471901537578856,0.16874780046741059,0.0,1198
2,1,1.6471300624341827,-0.6329567302017216,0.05587571134371368,1199
2,3,3.0057704663012417,-0.20127709680265812,0.0,1200
0,1,1.546444051734305,0.16959202624894826,-0.3969366098348741,1201
0,3,2.988003721308171,-0.4967296494459154,0.0,1202
1,3,1.9607069739999983,0.1505103780547937,0.0,1203
2,1,1.6376102298879125,-0.629521836615843,0.054149480773869406,1204
2,3,2.9964552322590143,-0.1749594057249669,0.0,1205
0,1,1.5436363085161307,0.16990211904516883,-0.38704319916685276,1206
0,3,3.118674099835011,-0.5254767886233521,0.0,1207
1,3,2.069416352717692,0.15874968753070562,0.0,1208
2,3,3.1389149937183936,-0.18752639465367407,0.0,1209
0,1,1.5306094302836204,0.17077586859095148,-0.35969756127382,1210
0,3,3.2343550682658986,-0.5472397809230795,0.0,1211
1,3,2.0708229122381634,0.16113718619021927,0.0,1212
2,1,1.5314776314063907,-0.5914636296825764,0.03734828122849127,1213
2,3,3.14770900164777,-0.188187272106338,0.0,1214
0,1,1.5808371139556598,0.1710187694811109,-0.4100580408767235,1215
0,3,3.1695581669068216,-0.5506066185041026,0.0,1216
1,3,2.0462008437711496,0.13998275668713045,0.0,1217
2,3,3.198079929170711,-0.2450227930388168,0.0,1218
0,1,1.5077141030660326,0.16965289570497355,-0.33176549630128005,1219
0,3,3.0745579230631077,-0.6505877226200965,0.0,1220
1,3,2.1107206514076062,0.005842588326313011,0.0,1221
2,3,3.2578403004063334,-0.3673718719064389,0.0,1222
0,1,1.5711723675590032,0.1708256618769473,-0.40625017524056334,1223
0,3,3.1831987639375847,-0.8739344737049373,0.0,1224
1,3,2.1743769408870492,-0.18655822985551287,0.0,1225
2,1,1.5107531773187606,-0.5844848993708396,0.004346633224269374,1226
2,3,3.4261774528266633,-0.6912275348483039,0.0,1227
0,1,1.545243723195927,0.17138350216417925,-0.3701880632988371,1228
0,3,3.041869254460748,-1.0986853260099523,0.0,1229
1,3,2.181064593640758,-0.4357020277554263,0.0,1230
2,3,3.3240478046883033,-0.8685273716175096,0.0,1231
0,1,1.5430522300603686,0.16962300328927038,-0.38645168394482315,1232
0,3,2.903753919778597,-1.2641065880695936,0.0,1233
1,3,2.1668858283405834,-0.6402043929136118,0.0,1234
2,1,1.510369401745461,-0.5844729239571437,0.0024614499591924808,1235
2,3,3.254399372410609,-1.0114086377913818,0.0,1236
0,1,1.5874278161401176,0.17221850792087212,-0.4200385095713305,1237
0,3,3.0010793342819753,-1.4555439087710564,0.0,1238
1,3,2.1868690614261097,-0.7417075398264922,0.0,1239
2,1,1.5228403827152255,-0.588675993381198,0.04012838957139927,1240
0,1,1.5348304780918531,0.16929363663753602,-0.3893540554472641,1241
0,3,2.871857245361156,-1.3923732794480101,0.0,1242
1,3,2.178987030947061,-0.7412296175202157,0.0,1243
2,1,1.5574308938772619,-0.6011755465734518,0.03461939992344558,1244
0,1,1.522025003667792,0.1690392884755962,-0.36083476826343985,1245
0,3,2.90042365435914,-1.3930601488160614,0.0,1246
1,3,2.1291759434750963,-0.712421729157195,0.0,1247
0,1,1.5509293850739818,0.17155213331620922,-0.39113406673166157,1248
0,3,2.8453897929319796,-1.2970934953303535,0.0,1249
1,3,2.064057161587973,-0.6439107831776855,0.0,1250
2,1,1.5316706749954214,-0.5929596192040494,0.006137861073901577,1251
2,3,3.057240506039188,-0.9209402405798064,0.0,1252
0,1,1.5383087680834766,0.1709150236266019,-0.3683201880514333,1253
0,3,2.7036307667671924,-1.0516590271025705,0.0,1254
1,3,1.7675328317306103,-0.4570459096168753,0.0,1255
2,3,2.738825248578447,-0.7555101188469437,0.0,1256
0,1,1.5218656376468211,0.16917739826404066,-0.37081980965952577,1257
0,3,2.5285369470745427,-0.7993587119488463,0.0,1258
1,3,1.4631728260131989,-0.28477711214415924,0.0,1259
2,3,2.462571490168154,-0.5995770501925759,0.0,1260
0,1,1.5824031658264013,0.17072872461605637,-0.4195010232649223,1261
0,3,2.327225010697071,-0.5362484716340254,0.0,1262
1,3,1.234163440301483,-0.13530883283776426,0.0,1263
2,3,2.2468557691091506,-0.469990713959568,0.0,1264
0,1,1.5875727745192012,0.17090257918627694,-0.42561936942926615,1265
0,3,2.1147127355267226,-0.30433422245021363,0.0,1266
1,3,1.0129808633568582,0.00865286263200442,0.0,1267
2,3,2.070816150353914,-0.3611735164782457,0.0,1268
0,1,1.5298559159569118,0.1698777745430802,-0.37140635581451825,1269
0,3,2.023068690988969,-0.14118808649131762,0.0,1270
1,3,0.9047593553859123,0.09723137802025941,0.0,1271
2,1,1.5584878944769476,-0.6010546045000106,0.03698756424919838,1272
2,3,1.9633622577252718,-0.29854684346434907,0.0,1273
0,1,1.5356725243067668,0.16951623330327545,-0.3715879759132035,1274
0,3,2.005763296847191,-0.13690329248629698,0.0,1275
1,3,0.9044533004488128,0.0973128422873533,0.0,1276
2,1,1.530605447904291,-0.5931118498189942,0.015933014806625234,1277
2,3,2.0015574948027917,-0.3002916345319195,0.0,1278
0,1,1.5195936201169649,0.16882123445204647,-0.3699117230464987,1279
0,3,2.013291276853868,-0.1371551318931707,0.0,1280
1,3,1.0252625114347733,0.13431759629698423,0.0,1281
2,1,1.5385530468457502,-0.5941239320025263,0.018180048261461267,1282
2,3,2.116378112267875,-0.2603707923300575,0.0,1283
1,3,1.0247724986353521,0.1341137824253661,0.0,1284
2,1,1.4827286577886727,-0.5756672237638865,-0.03255550751187011,1285
2,3,2.1384567754119885,-0.26221641250924677,0.0,1286
0,1,1.5518150708326208,0.1700480136603253,-0.3930560910371719,1287
0,3,2.148364931836499,-0.16099983848841096,0.0,1288
1,3,1.0879767583260127,0.13164076213002954,0.0,1289
2,1,1.54975385473829,-0.597944017423907,0.01851842011796355,1290
2,3,2.235390417793603,-0.255411880662716,0.0,1291
0,1,1.5338089334497402,0.17066878248510783,-0.3535771304022404,1292
0,3,2.359543669991496,-0.2429598830788374,0.0,1293
1,3,1.3792023345009123,0.155368140553847,0.0,1294
2,1,1.6389690199809002,-0.49702736270612446,2.3785451524273262,1295
2,3,2.549698825885122,-0.2067119761011835,0.0,1296
0,1,1.5394900225676846,0.16994790771738122,-0.3802524321411066,1297
0,3,2.694612553002033,-0.3294091355981644,0.0,1298
1,3,1.68759891302782,0.17702033023563932,0.0,1299
2,1,1.5540544959586606,-0.5997827088759208,0.03196950923684464,1300
2,3,2.8421649276165617,-0.1904188826098384,0.0,1301
0,1,1.546444051734305,0.16959202624894826,-0.3969366098348741,1302
0,3,2.9007226761065072,-0.4727014956516178,0.0,1303
1,3,1.9578428950097164,0.1509619696767841,0.0,1304
2,1,1.6471300624341827,-0.6329567302017216,0.05587571134371368,1305
2,3,3.1239417992309497,-0.1880841028197619,0.0,1306
0,1,1.5306801584809726,0.16960725215274017,-0.35878542718305806,1307
0,3,3.1595443623617125,-0.5358063165484763,0.0,1308
1,3,2.07562905950984,0.16217940331453815,0.0,1309
2,1,1.6376102298879125,-0.629521836615843,0.054149480773869406,1310
2,3,3.1216829147814233,-0.1830237987816381,0.0,1311
0,1,1.5236768825521543,0.1691456367638649,-0.35340311622265663,1312
0,3,3.2343550682658986,-0.5472397809230795,0.0,1313
1,3,2.0708229122381634,0.16113718619021927,0.0,1314
2,1,1.5314776314063907,-0.5914636296825764,0.03734828122849127,1315
2,3,3.1998834491912986,-0.18712815189773896,0.0,1316
0,1,1.559610164631568,0.17095476780926455,-0.3776723100963038,1317
0,3,3.145422097291954,-0.5342327098033058,0.0,1318
1,3,2.0462008437711496,0.13998275668713045,0.0,1319
2,3,3.168891023806815,-0.21356634824751083,0.0,1320
0,1,1.5077141030660326,0.16965289570497355,-0.33176549630128005,1321
0,3,3.1662004582268723,-0.6255137755121548,0.0,1322
1,3,2.1107206514076062,0.005842588326313011,0.0,1323
2,3,3.2578403004063334,-0.3673718719064389,0.0,1324
0,1,1.5711723675590032,0.1708256618769473,-0.40625017524056334,1325
0,3,3.1831987639375847,-0.8739344737049373,0.0,1326
1,3,2.1743769408870492,-0.18655822985551287,0.0,1327
2,1,1.5107531773187606,-0.5844848993708396,0.004346633224269374,1328
2,3,3.313791049702148,-0.5662716485510702,0.0,1329
0,1,1.545243723195927,0.17138350216417925,-0.3701880632988371,1330
0,3,3.0409717680964534,-1.0455649008719516,0.0,1331
1,3,2.181064593640758,-0.4357020277554263,0.0,1332
2,3,3.2146821362362425,-0.789874818633514,0.0,1333
0,1,1.5430522300603686,0.16962300328927038,-0.38645168394482315,1334
0,3,2.9953500640773885,-1.2434147251216292,0.0,1335
1,3,2.1668858283405834,-0.6402043929136118,0.0,1336
2,1,1.5316706749954214,-0.5929596192040494,0.006137861073901577,1337
2,3,2.462571490168154,-0.5995770501925759,0.0,1338
0,1,1.5824031658264013,0.17072872461605637,-0.4195010232649223,1339
0,3,2.327225010697071,-0.5362484716340254,0.0,1340
1,3,1.234163440301483,-0.13530883283776426,0.0,1341
2,3,2.2468557691091506,-0.469990713959568,0.0,1342
0,1,1.5875727745192012,0.17090257918627694,-0.42561936942926615,1343
0,3,2.1147127355267226,-0.30433422245021363,0.0,1344
1,3,1.0129808633568582,0.00865286263200442,0.0,1345
2,1,1.557185376917597,-0.6010594787684269,0.03772196699871105,1346
2,3,2.0195740169729426,-0.3123361979488764,0.0,1347
0,1,1.5595327226587308,0.1709315085704617,-0.3911315443819607,1348
0,3,2.000260504071663,-0.13595499236778139,0.0,1349
1,3,0.8805301457767218,0.09713626995972097,0.0,1350
2,1,1.5446597765024244,-0.5965922775191062,0.03580065559665642,1351
2,3,1.9786922924783832,-0.29348617099452046,0.0,1352
0,1,1.5540040618984963,0.17068129046903985,-0.38465395173047945,1353
0,3,2.013291276853868,-0.1371551318931707,0.0,1354
1,3,0.9044533004488128,0.0973128422873533,0.0,1355
2,1,1.530605447904291,-0.5931118498189942,0.015933014806625234,1356
2,3,2.0015574948027917,-0.3002916345319195,0.0,1357
0,1,1.5195936201169649,0.16882123445204647,-0.3699117230464987,1358
1,3,1.0252625114347733,0.13431759629698423,0.0,1359
2,1,1.5385530468457502,-0.5941239320025263,0.018180048261461267,1360
2,3,2.100829157932659,-0.2571331987083857,0.0,1361
0,1,1.5262173423729581,0.1691336228411925,-0.3745261899817924,1362
0,3,2.1426510131895293,-0.15127183442706338,0.0,1363
1,3,1.0247616137417446,0.13435621948565046,0.0,1364
2,1,1.555811907506575,-0.6003409071856828,0.03331718363522077,1365
2,3,2.1477190794162113,-0.2564419162409273,0.0,1366
0,1,1.528182546704508,0.16927653028440515,-0.36481209269778425,1367
0,3,2.272962595151984,-0.21226982879899234,0.0,1368
1,3,1.2028492621239604,0.13059259157443137,0.0,1369
2,1,1.54975385473829,-0.597944017423907,0.01851842011796355,1370
2,3,2.4384760602485356,-0.22376437316636236,0.0,1371
0,1,1.5394900225676846,0.16994790771738122,-0.3802524321411066,1372
0,3,2.5889732441259317,-0.2955060951297305,0.0,1373
1,3,1.5031197913459275,0.16877921703925378,0.0,1374
2,3,2.646128020337034,-0.18063981738469384,0.0,1375
0,1,1.540283841975069,0.1698493760355196,-0.36283597494815945,1376
0,3,2.896089413697545,-0.39232289271057136,0.0,1377
1,3,1.7471901537578856,0.16874780046741059,0.0,1378
2,1,1.6471300624341827,-0.6329567302017216,0.05587571134371368,1379
2,3,3.0057704663012417,-0.20127709680265812,0.0,1380
0,1,1.546444051734305,0.16959202624894826,-0.3969366098348741,1381
0,3,2.988003721308171,-0.4967296494459154,0.0,1382
1,3,1.9607069739999983,0.1505103780547937,0.0,1383
2,1,1.6376102298879125,-0.629521836615843,0.054149480773869406,1384
2,3,2.9964552322590143,-0.1749594057249669,0.0,1385
0,1,1.5436363085161307,0.16990211904516883,-0.38704319916685276,1386
0,3,3.118674099835011,-0.5254767886233521,0.0,1387
1,3,2.069416352717692,0.15874968753070562,0.0,1388
2,3,3.1389149937183936,-0.18752639465367407,0.0,1389
0,1,1.5306094302836204,0.17077586859095148,-0.35969756127382,1390
0,3,3.2343550682658986,-0.5472397809230795,0.0,1391
1,3,2.0708229122381634,0.16113718619021927,0.0,1392
2,1,1.5314776314063907,-0.5914636296825764,0.03734828122849127,1393
2,3,3.14770900164777,-0.188187272106338,0.0,1394
0,1,1.5808371139556598,0.1710187694811109,-0.4100580408767235,1395
0,3,3.1695581669068216,-0.5506066185041026,0.0,1396
1,3,2.0462008437711496,0.13998275668713045,0.0,1397
2,3,3.198079929170711,-0.2450227930388168,0.0,1398
0,1,1.5077141030660326,0.16965289570497355,-0.33176549630128005,1399
0,3,3.0745579230631077,-0.6505877226200965,0.0,1400
1,3,2.1107206514076062,0.005842588326313011,0.0,1401
2,3,3.2578403004063334,-0.3673718719064389,0.0,1402
0,1,1.5711723675590032,0.1708256618769473,-0.40625017524056334,1403
0,3,3.1831987639375847,-0.8739344737049373,0.0,1404
1,3,2.1743769408870492,-0.18655822985551287,0.0,1405
2,1,1.5107531773187606,-0.5844848993708396,0.004346633224269374,1406
2,3,3.4261774528266633,-0.6912275348483039,0.0,1407
0,1,1.545243723195927,0.17138350216417925,-0.3701880632988371,1408
0,3,3.041869254460748,-1.0986853260099523,0.0,1409
1,3,2.181064593640758,-0.4357020277554263,0.0,1410
2,3,3.3240478046883033,-0.8685273716175096,0.0,1411
0,1,1.5430522300603686,0.16962300328927038,-0.38645168394482315,1412
0,3,2.903753919778597,-1.2641065880695936,0.0,1413
1,3,2.1668858283405834,-0.6402043929136118,0.0,1414
2,1,1.5228403827152255,-0.588675993381198,0.04012838957139927,1415
2,3,3.254399372410609,-1.0114086377913818,0.0,1416
0,1,1.5874278161401176,0.17221850792087212,-0.4200385095713305,1417
0,3,3.0010793342819753,-1.4555439087710564,0.0,1418
1,3,2.1868690614261097,-0.7417075398264922,0.0,1419
0,1,1.5348304780918531,0.16929363663753602,-0.3893540554472641,1420
0,3,2.9363872269591638,-1.421206705202513,0.0,1421
1,3,2.1908821754045205,-0.7445509500196847,0.0,1422
2,1,1.5574308938772619,-0.6011755465734518,0.03461939992344558,1423
0,1,1.522025003667792,0.1690392884755962,-0.36083476826343985,1424
0,3,2.9721682016832323,-1.4387462764172751,0.0,1425
1,3,2.142695930558812,-0.7251795687766012,0.0,1426
0,1,1.5509293850739818,0.17155213331620922,-0.39113406673166157,1427
0,3,2.74815543162628,-1.2758289655913753,0.0,1428
1,3,2.1138968202171435,-0.6788341246302002,0.0,1429
2,1,1.50656146382442,-0.5860602187925951,-0.03356537161676422,1430
2,3,3.0365806986337396,-0.9284788190668674,0.0,1431
0,1,1.558389347904668,0.17047090846152088,-0.400508656955337,1432
0,3,2.765181459495895,-1.1646862013772283,0.0,1433
1,3,1.8310540719019581,-0.496236286359594,0.0,1434
2,1,1.5316706749954214,-0.5929596192040494,0.006137861073901577,1435
2,3,2.738825248578447,-0.7555101188469437,0.0,1436
0,1,1.5218656376468211,0.16917739826404066,-0.37081980965952577,1437
0,3,2.5285369470745427,-0.7993587119488463,0.0,1438
1,3,1.4631728260131989,-0.28477711214415924,0.0,1439
2,3,2.462571490168154,-0.5995770501925759,0.0,1440
0,1,1.5824031658264013,0.17072872461605637,-0.4195010232649223,1441
0,3,2.327225010697071,-0.5362484716340254,0.0,1442
1,3,1.234163440301483,-0.13530883283776426,0.0,1443
2,3,2.2468557691091506,-0.469990713959568,0.0,1444
0,1,1.5875727745192012,0.17090257918627694,-0.42561936942926615,1445
0,3,2.1147127355267226,-0.30433422245021363,0.0,1446
1,3,1.0129808633568582,0.00865286263200442,0.0,1447
2,3,2.070816150353914,-0.3611735164782457,0.0,1448
0,1,1.5298559159569118,0.1698777745430802,-0.37140635581451825,1449
0,3,2.023068690988969,-0.14118808649131762,0.0,1450
1,3,0.9047593553859123,0.09723137802025941,0.0,1451
2,1,1.5446597765024244,-0.5965922775191062,0.03580065559665642,1452
2,3,1.9633622577252718,-0.29854684346434907,0.0,1453
0,1,1.5356725243067668,0.16951623330327545,-0.3715879759132035,1454
0,3,2.005763296847191,-0.13690329248629698,0.0,1455
1,3,0.9044533004488128,0.0973128422873533,0.0,1456
2,1,1.530605447904291,-0.5931118498189942,0.015933014806625234,1457
2,3,2.0015574948027917,-0.3002916345319195,0.0,1458
0,1,1.5195936201169649,0.16882123445204647,-0.3699117230464987,1459
0,3,2.013291276853868,-0.1371551318931707,0.0,1460
1,3,1.0252625114347733,0.13431759629698423,0.0,1461
2,1,1.5385530468457502,-0.5941239320025263,0.018180048261461267,1462
2,3,2.116378112267875,-0.2603707923300575,0.0,1463
1,3,1.0247724986353521,0.1341137824253661,0.0,1464
2,1,1.4827286577886727,-0.5756672237638865,-0.03255550751187011,1465
2,3,2.1384567754119885,-0.26221641250924677,0.0,1466
0,1,1.5518150708326208,0.1700480136603253,-0.3930560910371719,1467
0,3,2.148364931836499,-0.16099983848841096,0.0,1468
1,3,1.0879767583260127,0.13164076213002954,0.0,1469
2,1,1.54975385473829,-0.597944017423907,0.01851842011796355,1470
2,3,2.235390417793603,-0.255411880662716,0.0,1471
0,1,1.5338089334497402,0.17066878248510783,-0.3535771304022404,1472
0,3,2.4548363013633945,-0.26055424312746583,0.0,1473
1,3,1.3792023345009123,0.155368140553847,0.0,1474
2,1,1.6389690199809002,-0.49702736270612446,2.3785451524273262,1475
2,3,2.6384750729358633,-0.19686217841422904,0.0,1476
0,1,1.5394900225676846,0.16994790771738122,-0.3802524321411066,1477
0,3,2.754193467064706,-0.3495813214472518,0.0,1478
1,3,1.68759891302782,0.17702033023563932,0.0,1479
2,1,1.5540544959586606,-0.5997827088759208,0.03196950923684464,1480
2,3,2.8421649276165617,-0.1904188826098384,0.0,1481
0,1,1.546444051734305,0.16959202624894826,-0.3969366098348741,1482
0,3,2.9007226761065072,-0.4727014956516178,0.0,1483
1,3,1.9578428950097164,0.1509619696767841,0.0,1484
2,1,1.6471300624341827,-0.6329567302017216,0.05587571134371368,1485
2,3,3.1239417992309497,-0.1880841028197619,0.0,1486
0,1,1.5436363085161307,0.16990211904516883,-0.38704319916685276,1487
0,3,3.1595443623617125,-0.5358063165484763,0.0,1488
1,3,2.07562905950984,0.16217940331453815,0.0,1489
2,1,1.6376102298879125,-0.629521836615843,0.054149480773869406,1490
2,3,3.1216829147814233,-0.1830237987816381,0.0,1491
0,1,1.5306094302836204,0.17077586859095148,-0.35969756127382,1492
0,3,3.2343550682658986,-0.5472397809230795,0.0,1493
1,3,2.0708229122381634,0.16113718619021927,0.0,1494
2,1,1.5314776314063907,-0.5914636296825764,0.03734828122849127,1495
2,3,3.14770900164777,-0.188187272106338,0.0,1496
0,1,1.5808371139556598,0.1710187694811109,-0.4100580408767235,1497
0,3,3.1695581669068216,-0.5506066185041026,0.0,1498
1,3,2.0462008437711496,0.13998275668713045,0.0,1499
2,3,3.168891023806815,-0.21356634824751083,0.0,1500
0,1,1.5077141030660326,0.16965289570497355,-0.33176549630128005,1501
0,3,3.0745579230631077,-0.6505877226200965,0.0,1502
1,3,2.1107206514076062,0.005842588326313011,0.0,1503
2,3,3.2578403004063334,-0.3673718719064389,0.0,1504
0,1,1.5711723675590032,0.1708256618769473,-0.40625017524056334,1505
0,3,3.1831987639375847,-0.8739344737049373,0.0,1506
1,3,2.1743769408870492,-0.18655822985551287,0.0,1507
2,1,1.5107531773187606,-0.5844848993708396,0.004346633224269374,1508
2,3,3.313791049702148,-0.5662716485510702,0.0,1509
0,1,1.545243723195927,0.17138350216417925,-0.3701880632988371,1510
0,3,3.041869254460748,-1.0986853260099523,0.0,1511
1,3,2.181064593640758,-0.4357020277554263,0.0,1512
2,3,3.2146821362362425,-0.789874818633514,0.0,1513
0,1,1.5430522300603686,0.16962300328927038,-0.38645168394482315,1514
0,3,2.9953500640773885,-1.2434147251216292,0.0,1515
1,3,2.1668858283405834,-0.6402043929136118,0.0,1516
2,1,1.510369401745461,-0.5844729239571437,0.0024614499591924808,1517
2,3,3.254399372410609,-1.0114086377913818,0.0,1518
0,1,1.5874278161401176,0.17221850792087212,-0.4200385095713305,1519
0,3,3.0010793342819753,-1.4555439087710564,0.0,1520
1,3,2.1868690614261097,-0.7417075398264922,0.0,1521
2,1,1.5228403827152255,-0.588675993381198,0.04012838957139927,1522
0,1,1.5348304780918531,0.16929363663753602,-0.3893540554472641,1523
0,3,2.871857245361156,-1.3923732794480101,0.0,1524
1,3,2.178987030947061,-0.7412296175202157,0.0,1525
2,1,1.5574308938772619,-0.6011755465734518,0.03461939992344558,1526
0,1,1.522025003667792,0.1690392884755962,-0.36083476826343985,1527
0,3,2.90042365435914,-1.3930601488160614,0.0,1528
1,3,2.1291759434750963,-0.712421729157195,0.0,1529
0,1,1.5509293850739818,0.17155213331620922,-0.39113406673166157,1530
0,3,2.8453897929319796,-1.2970934953303535,0.0,1531
1,3,2.064057161587973,-0.6439107831776855,0.0,1532
2,1,1.50656146382442,-0.5860602187925951,-0.03356537161676422,1533
2,3,3.0365806986337396,-0.9284788190668674,0.0,1534
0,1,1.5383087680834766,0.1709150236266019,-0.3683201880514333,1535
0,3,2.7036307667671924,-1.0516590271025705,0.0,1536
1,3,1.7675328317306103,-0.4570459096168753,0.0,1537
2,1,1.5316706749954214,-0.5929596192040494,0.006137861073901577,1538
2,3,2.738825248578447,-0.7555101188469437,0.0,1539
0,1,1.5824031658264013,0.17072872461605637,-0.4195010232649223,1540
0,3,2.3732121537356843,-0.6988448248064735,0.0,1541
1,3,1.4308692174227156,-0.25023113667693886,0.0,1542
2,3,2.462571490168154,-0.5995770501925759,0.0,1543
0,3,2.327225010697071,-0.5362484716340254,0.0,1544
1,3,1.234163440301483,-0.13530883283776426,0.0,1545
2,3,2.3220560211155328,-0.506444976708019,0.0,1546
0,1,1.5875727745192012,0.17090257918627694,-0.42561936942926615,1547
0,3,2.1147127355267226,-0.30433422245021363,0.0,1548
1,3,1.0129808633568582,0.00865286263200442,0.0,1549
2,3,2.070816150353914,-0.3611735164782457,0.0,1550
0,1,1.5298559159569118,0.1698777745430802,-0.37140635581451825,1551
0,3,2.023068690988969,-0.14118808649131762,0.0,1552
1,3,0.9047593553859123,0.09723137802025941,0.0,1553
2,1,1.5584878944769476,-0.6010546045000106,0.03698756424919838,1554
2,3,1.9704198608124788,-0.29697135463119756,0.0,1555
0,1,1.5356725243067668,0.16951623330327545,-0.3715879759132035,1556
0,3,2.005763296847191,-0.13690329248629698,0.0,1557
1,3,0.9044533004488128,0.0973128422873533,0.0,1558
2,1,1.530605447904291,-0.5931118498189942,0.015933014806625234,1559
2,3,2.0015574948027917,-0.3002916345319195,0.0,1560
0,1,1.5195936201169649,0.16882123445204647,-0.3699117230464987,1561
0,3,2.013291276853868,-0.1371551318931707,0.0,1562
1,3,1.0252625114347733,0.13431759629698423,0.0,1563
2,1,1.5385530468457502,-0.5941239320025263,0.018180048261461267,1564
2,3,2.116378112267875,-0.2603707923300575,0.0,1565
1,3,1.0247724986353521,0.1341137824253661,0.0,1566
2,1,1.4827286577886727,-0.5756672237638865,-0.03255550751187011,1567
2,3,2.1384567754119885,-0.26221641250924677,0.0,1568
0,1,1.5103702732592117,0.16954700611115672,-0.33722002644389626,1569
0,3,2.1360993104759847,-0.15302482992859942,0.0,1570
1,3,1.0879767583260127,0.13164076213002954,0.0,1571
2,1,1.54975385473829,-0.597944017423907,0.01851842011796355,1572
2,3,2.235390417793603,-0.255411880662716,0.0,1573
0,1,1.5338089334497402,0.17066878248510783,-0.3535771304022404,1574
0,3,2.359543669991496,-0.2429598830788374,0.0,1575
1,3,1.3792023345009123,0.155368140553847,0.0,1576
