id_a,id_b,timestamp,x0,x1,x2,std_x0,std_x1,std_x2,trace_P,trace_P_before,eig_min_P,sym_err_P,phi_trace,correction_norm,residual_norm,residual
0,1,1785598270.977876,-0.287416,-0.445484,0.012395,0.306334,0.303336,0.297556,0.274392,0.304854,0.083826,0.000000,3.000000,0.041342,0.429491,0.403370;0.132496;-0.064810
0,3,1785598271.077564,-0.287771,-0.445472,0.012589,0.306259,0.303233,0.296957,0.273928,0.274470,0.083435,0.000000,3.000000,0.000405,0.038963,0.038826;-0.003255
1,3,1785598271.178364,-0.300625,-0.438279,0.036301,0.275456,0.295050,0.241602,0.221301,0.273948,0.049247,0.000000,3.000000,0.027914,0.156041,-0.106450;0.114093
2,1,1785598271.277300,-0.292002,-0.437886,0.035180,0.274326,0.294683,0.239129,0.219275,0.221301,0.047925,0.000000,3.000000,0.008705,0.360743,0.341988;-0.078967;0.083332
2,3,1785598271.378031,-0.282477,-0.432306,0.045482,0.262295,0.292937,0.223506,0.204566,0.219355,0.039351,0.000000,3.000000,0.015099,0.194722,0.104504;0.164303
0,1,1785598271.477583,-0.295272,-0.443313,0.046755,0.258590,0.286751,0.221646,0.198222,0.204566,0.038071,0.000000,3.000000,0.016925,0.335475,0.292017;0.164451;-0.015003
0,3,1785598271.577204,-0.293114,-0.442973,0.048213,0.249387,0.286600,0.203240,0.185640,0.198302,0.031101,0.000000,3.000000,0.002626,0.037535,-0.028333;-0.024620
1,3,1785598271.678308,-0.293378,-0.442903,0.048807,0.244710,0.286310,0.198232,0.181152,0.185640,0.029238,0.000000,3.000000,0.000654,0.015326,-0.008958;0.012436
2,1,1785598271.778260,-0.291608,-0.443661,0.049035,0.244695,0.286262,0.197923,0.180995,0.181232,0.029162,0.000000,3.000000,0.001939,0.266387,0.234760;-0.125820;-0.004348
2,3,1785598271.877403,-0.288612,-0.443373,0.048508,0.242175,0.286231,0.196417,0.179157,0.181015,0.028379,0.000000,3.000000,0.003056,0.088660,0.082828;0.031625
0,1,1785598271.977222,-0.296498,-0.452708,0.049980,0.240449,0.281354,0.195880,0.175345,0.179157,0.027998,0.000000,3.000000,0.012309,0.323486,0.279045;0.161742;-0.024825
0,3,1785598272.077323,-0.295018,-0.452486,0.050490,0.235190,0.281269,0.190475,0.170707,0.175424,0.025944,0.000000,3.000000,0.001581,0.033763,-0.027159;-0.020058
1,3,1785598272.178122,-0.294895,-0.452451,0.050630,0.233160,0.281193,0.188228,0.168863,0.170707,0.025222,0.000000,3.000000,0.000190,0.005733,0.002525;0.005147
2,1,1785598272.277745,-0.293888,-0.453342,0.051313,0.233203,0.281093,0.187938,0.168718,0.168943,0.025180,0.000000,3.000000,0.001508,0.227557,0.191255;-0.122308;-0.015641
2,3,1785598272.377977,-0.293769,-0.453307,0.051553,0.231681,0.281086,0.187395,0.167802,0.168718,0.024837,0.000000,3.000000,0.000271,0.027372,0.003050;0.027202
0,1,1785598272.477955,-0.299621,-0.461991,0.053175,0.230764,0.277023,0.187182,0.165031,0.167882,0.024665,0.000000,3.000000,0.010596,0.328419,0.283073;0.161235;-0.041619
0,3,1785598272.576775,-0.297435,-0.461674,0.053204,0.227405,0.276969,0.184961,0.162635,0.165051,0.023743,0.000000,3.000000,0.002209,0.057720,-0.053961;-0.020489
1,3,1785598272.678901,-0.296449,-0.461508,0.053150,0.226162,0.276928,0.183834,0.161633,0.162656,0.023389,0.000000,3.000000,0.001001,0.042301,0.042159;0.003460
2,1,1785598272.777627,-0.295695,-0.462689,0.054093,0.226139,0.276781,0.183464,0.161405,0.161633,0.023332,0.000000,3.000000,0.001689,0.235553,0.197387;-0.128543;-0.000618
2,3,1785598272.877463,-0.296075,-0.462737,0.054525,0.225472,0.276776,0.183057,0.160952,0.161485,0.023112,0.000000,3.000000,0.000577,0.031399,-0.022914;0.021466
0,1,1785598272.977002,-0.300441,-0.470065,0.055956,0.224823,0.273284,0.182810,0.158649,0.160952,0.022974,0.000000,3.000000,0.008650,0.310679,0.269141;0.152016;-0.031231
0,3,1785598273.076526,-0.300617,-0.470078,0.056208,0.222546,0.273245,0.181626,0.157178,0.158730,0.022437,0.000000,3.000000,0.000308,0.011787,0.006195;-0.010028
2,1,1785598273.177230,-0.300155,-0.471355,0.057237,0.222533,0.273060,0.181278,0.156944,0.157178,0.022393,0.000000,3.000000,0.001704,0.226730,0.188087;-0.126504;-0.005130
2,3,1785598273.277912,-0.300222,-0.471364,0.057440,0.221785,0.273053,0.180872,0.156461,0.157024,0.022180,0.000000,3.000000,0.000215,0.015636,-0.005764;0.014535
0,1,1785598273.377095,-0.303588,-0.477228,0.058519,0.221293,0.270003,0.180652,0.154508,0.156461,0.022071,0.000000,3.000000,0.006847,0.276995,0.239437;0.138855;-0.010740
0,3,1785598273.476589,-0.302473,-0.477060,0.058499,0.220072,0.269980,0.180012,0.153725,0.154588,0.021764,0.000000,3.000000,0.001128,0.049681,-0.045175;-0.020674
1,3,1785598273.577468,-0.300622,-0.476776,0.058401,0.219221,0.269954,0.179470,0.153142,0.153725,0.021594,0.000000,3.000000,0.001875,0.099281,0.099240;0.002833
2,1,1785598273.679227,-0.300252,-0.477972,0.059316,0.219300,0.269742,0.179259,0.152987,0.153222,0.021594,0.000000,3.000000,0.001551,0.204831,0.167329;-0.117205;-0.014831
2,3,1785598273.777571,-0.299517,-0.477920,0.059009,0.218903,0.269740,0.179177,0.152783,0.153007,0.021509,0.000000,3.000000,0.000797,0.054998,0.054244;0.009072
0,1,1785598273.877305,-0.302292,-0.483099,0.060035,0.218569,0.267024,0.179014,0.151120,0.152807,0.021435,0.000000,3.000000,0.005965,0.269038,0.233897;0.132804;-0.006055
0,3,1785598273.976391,-0.299697,-0.482702,0.059617,0.217390,0.267000,0.177996,0.150230,0.151127,0.021057,0.000000,3.000000,0.002659,0.114162,-0.112462;-0.019630
1,3,1785598274.077323,-0.298385,-0.482435,0.059475,0.216811,0.266981,0.177162,0.149672,0.150241,0.020837,0.000000,3.000000,0.001346,0.086745,0.086290;0.008874
2,1,1785598274.178036,-0.298024,-0.483827,0.060443,0.216802,0.266750,0.176866,0.149440,0.149674,0.020809,0.000000,3.000000,0.001733,0.219438,0.182139;-0.122383;0.000950
2,3,1785598274.277063,-0.299073,-0.483914,0.061035,0.216528,0.266749,0.176763,0.149284,0.149440,0.020733,0.000000,3.000000,0.001207,0.098344,-0.095895;0.021809
0,1,1785598274.377234,-0.301469,-0.488500,0.061968,0.216328,0.264300,0.176680,0.147868,0.149349,0.020699,0.000000,3.000000,0.005257,0.268597,0.234449;0.130858;0.007370
0,3,1785598274.476991,-0.300416,-0.488319,0.061906,0.215396,0.264277,0.175998,0.147213,0.147868,0.020422,0.000000,3.000000,0.001071,0.054216,-0.050700;-0.019204
1,3,1785598274.577689,-0.299245,-0.488069,0.061697,0.215049,0.264262,0.175480,0.146874,0.147293,0.020294,0.000000,3.000000,0.001215,0.092733,0.092652;0.003884
2,1,1785598274.677490,-0.298907,-0.489586,0.062664,0.215063,0.264017,0.175237,0.146665,0.146894,0.020279,0.000000,3.000000,0.001830,0.227590,0.191335;-0.122213;0.015878
2,3,1785598274.778749,-0.299735,-0.489728,0.063450,0.214904,0.264013,0.175054,0.146530,0.146685,0.020197,0.000000,3.000000,0.001151,0.100858,-0.098077;0.023525
0,1,1785598274.877255,-0.301879,-0.494472,0.064542,0.214710,0.261789,0.174923,0.145232,0.146550,0.020155,0.000000,3.000000,0.005319,0.276522,0.243343;0.130326;-0.016242
0,3,1785598274.977376,-0.300625,-0.494246,0.064420,0.213970,0.261771,0.174553,0.144776,0.145232,0.019972,0.000000,3.000000,0.001280,0.074693,-0.069080;-0.028407
2,1,1785598275.076807,-0.300371,-0.495735,0.065338,0.214053,0.261517,0.174411,0.144629,0.144855,0.019987,0.000000,3.000000,0.001767,0.226321,0.191164;-0.120855;0.008433
2,3,1785598275.178101,-0.299635,-0.495627,0.064950,0.213822,0.261513,0.174178,0.144447,0.144650,0.019886,0.000000,3.000000,0.000838,0.070583,0.069733;0.010921
0,1,1785598275.277093,-0.301709,-0.500462,0.066107,0.213637,0.259483,0.174028,0.143258,0.144447,0.019842,0.000000,3.000000,0.005387,0.292299,0.257998;0.135044;-0.025275
0,3,1785598275.377961,-0.300951,-0.500336,0.065976,0.213264,0.259473,0.173868,0.143038,0.143353,0.019746,0.000000,3.000000,0.000780,0.054518,-0.052011;-0.016345
1,3,1785598275.478630,-0.299338,-0.500079,0.065959,0.212936,0.259463,0.173710,0.142838,0.143038,0.019694,0.000000,3.000000,0.001634,0.138992,0.138503;0.011639
2,1,1785598275.576827,-0.299148,-0.501195,0.066650,0.212952,0.259204,0.173501,0.142638,0.142860,0.019686,0.000000,3.000000,0.001326,0.167469,0.135634;-0.098062;-0.005731
2,3,1785598275.678495,-0.299551,-0.501230,0.066890,0.212872,0.259204,0.173507,0.142606,0.142685,0.019663,0.000000,3.000000,0.000471,0.054536,-0.052156;0.015934
0,1,1785598275.776749,-0.301430,-0.505795,0.068059,0.212721,0.257335,0.173362,0.141526,0.142606,0.019624,0.000000,3.000000,0.005073,0.293609,0.261159;0.131597;-0.026170
0,3,1785598275.877635,-0.300486,-0.505621,0.067853,0.212307,0.257322,0.173062,0.141239,0.141562,0.019493,0.000000,3.000000,0.000982,0.068592,-0.066654;-0.016191
1,3,1785598275.976971,-0.299149,-0.505382,0.067764,0.212055,0.257314,0.172895,0.141070,0.141239,0.019442,0.000000,3.000000,0.001361,0.133301,0.132965;0.009450
2,1,1785598276.077266,-0.298961,-0.506560,0.068436,0.212141,0.257053,0.172788,0.140935,0.141150,0.019462,0.000000,3.000000,0.001369,0.196220,0.163448;-0.107271;-0.016739
2,3,1785598276.177485,-0.299237,-0.506596,0.068659,0.212043,0.257052,0.172717,0.140869,0.140935,0.019420,0.000000,3.000000,0.000357,0.046711,-0.042033;0.020374
0,1,1785598276.277511,-0.300809,-0.510250,0.069609,0.212009,0.255323,0.172694,0.139961,0.140949,0.019422,0.000000,3.000000,0.004090,0.265246,0.237542;0.117959;-0.003804
1,3,1785598276.377793,-0.300221,-0.510144,0.069683,0.211932,0.255320,0.172651,0.139912,0.139961,0.019413,0.000000,3.000000,0.000602,0.110644,0.110639;0.001061
2,1,1785598276.578814,-0.300053,-0.511277,0.070305,0.212048,0.255059,0.172596,0.139809,0.140017,0.019447,0.000000,3.000000,0.001303,0.193740,0.161961;-0.104667;-0.018672
2,3,1785598276.677308,-0.300083,-0.511292,0.070376,0.212032,0.255056,0.172519,0.139774,0.139809,0.019422,0.000000,3.000000,0.000079,0.013904,-0.012893;0.005204
0,1,1785598276.776631,-0.301600,-0.514624,0.071282,0.211942,0.253453,0.172422,0.138887,0.139800,0.019400,0.000000,3.000000,0.003772,0.260746,0.233898;0.115132;0.004957
0,3,1785598276.877056,-0.300672,-0.514445,0.071029,0.211464,0.253435,0.171935,0.138508,0.138907,0.019215,0.000000,3.000000,0.000978,0.063913,-0.062605;-0.012862
1,3,1785598276.978002,-0.299820,-0.514283,0.070969,0.211320,0.253430,0.171836,0.138410,0.138508,0.019186,0.000000,3.000000,0.000869,0.112488,0.112309;0.006356
0,1,1785598277.077599,-0.301221,-0.517565,0.071909,0.211313,0.251955,0.171829,0.137660,0.138490,0.019192,0.000000,3.000000,0.003690,0.264837,0.239650;0.112601;-0.005261
0,3,1785598277.177800,-0.299897,-0.517288,0.071541,0.210985,0.251942,0.171426,0.137376,0.137660,0.019061,0.000000,3.000000,0.001402,0.112841,-0.111956;-0.014112
2,1,1785598277.277848,-0.299711,-0.518499,0.072177,0.211074,0.251662,0.171346,0.137245,0.137459,0.019086,0.000000,3.000000,0.001380,0.196206,0.164584;-0.105956;-0.013492
2,3,1785598277.378031,-0.299820,-0.518544,0.072443,0.210940,0.251656,0.171100,0.137102,0.137245,0.018994,0.000000,3.000000,0.000291,0.029306,-0.019797;0.021609
0,1,1785598277.477383,-0.301140,-0.521746,0.073389,0.210916,0.250277,0.171065,0.136388,0.137159,0.018993,0.000000,3.000000,0.003591,0.264301,0.239829;0.110527;-0.010994
0,3,1785598277.577271,-0.300472,-0.521617,0.073156,0.210782,0.250272,0.171037,0.136318,0.136448,0.018956,0.000000,3.000000,0.000719,0.074992,-0.072737;-0.018251
2,1,1785598277.678926,-0.300331,-0.522709,0.073735,0.210794,0.249997,0.170871,0.136130,0.136336,0.018953,0.000000,3.000000,0.001244,0.187992,0.155689;-0.102544;-0.024218
2,3,1785598277.778354,-0.300422,-0.522751,0.074045,0.210650,0.249991,0.170589,0.135969,0.136130,0.018857,0.000000,3.000000,0.000326,0.031721,-0.020369;0.024317
0,1,1785598277.877347,-0.301652,-0.525497,0.074841,0.210594,0.248699,0.170508,0.135274,0.135992,0.018841,0.000000,3.000000,0.003112,0.253989,0.230223;0.106835;0.009685
0,3,1785598277.976784,-0.301516,-0.525462,0.074906,0.210455,0.248687,0.170257,0.135124,0.135325,0.018750,0.000000,3.000000,0.000154,0.020411,-0.012611;-0.016048
1,3,1785598278.078949,-0.300059,-0.525074,0.074517,0.210219,0.248674,0.169869,0.134886,0.135130,0.018653,0.000000,3.000000,0.001558,0.157887,0.157660;0.008459
2,1,1785598278.178654,-0.299927,-0.526097,0.075032,0.210218,0.248405,0.169697,0.134694,0.134891,0.018646,0.000000,3.000000,0.001153,0.183910,0.153190;-0.098512;-0.025513
2,3,1785598278.277485,-0.299822,-0.526078,0.074935,0.210160,0.248403,0.169623,0.134643,0.134694,0.018610,0.000000,3.000000,0.000145,0.022502,0.021551;0.006471
0,1,1785598278.376786,-0.300875,-0.529325,0.075883,0.210157,0.247187,0.169602,0.134032,0.134701,0.018615,0.000000,3.000000,0.003543,0.253949,0.223605;0.118768;-0.019619
0,3,1785598278.478703,-0.300420,-0.529216,0.075444,0.209960,0.247180,0.169401,0.133878,0.134032,0.018534,0.000000,3.000000,0.000641,0.059090,-0.051642;0.028719
1,3,1785598278.578438,-0.299587,-0.529039,0.075286,0.209928,0.247175,0.169422,0.133869,0.133958,0.018541,0.000000,3.000000,0.000866,0.121823,0.121781;-0.003217
2,1,1785598278.677642,-0.299456,-0.530074,0.075813,0.209944,0.246912,0.169282,0.133699,0.133889,0.018542,0.000000,3.000000,0.001169,0.183093,0.148353;-0.103551;-0.028138
2,3,1785598278.777627,-0.299346,-0.530037,0.075647,0.209908,0.246909,0.169191,0.133651,0.133699,0.018507,0.000000,3.000000,0.000203,0.029972,0.028715;-0.008592
0,1,1785598278.876437,-0.299957,-0.532653,0.076320,0.209937,0.245762,0.169205,0.133103,0.133731,0.018522,0.000000,3.000000,0.002769,0.181335,0.143443;0.110910;-0.002285
0,3,1785598278.977808,-0.285264,-0.531354,0.073339,0.209706,0.244914,0.168983,0.132515,0.132692,0.018576,0.000000,3.000000,0.001555,0.144210,-0.143720;0.011881
1,3,1785598279.077298,-0.270650,-0.530213,0.072788,0.209569,0.244065,0.168957,0.132033,0.132082,0.018705,0.000000,3.000000,0.000842,0.145260,0.144452;-0.015302
2,1,1785598279.178564,-0.263576,-0.531045,0.073569,0.209540,0.243400,0.168821,0.131651,0.131823,0.018769,0.000000,3.000000,0.001557,0.175511,0.064273;-0.158930;-0.037608
2,3,1785598279.277684,-0.264926,-0.530978,0.073407,0.209514,0.243399,0.168734,0.131610,0.131651,0.018738,0.000000,3.000000,0.001361,0.684990,-0.345110;-0.591701
0,1,1785598279.377031,-0.265722,-0.532233,0.073626,0.209521,0.242325,0.168716,0.131085,0.131664,0.018744,0.000000,3.000000,0.001502,0.223519,0.165254;0.107035;0.105809
0,3,1785598279.477325,-0.262352,-0.532882,0.072846,0.209259,0.242318,0.168697,0.130966,0.131105,0.018721,0.000000,3.000000,0.003519,0.382942,-0.294563;0.244699
1,3,1785598279.578327,-0.265568,-0.533254,0.066151,0.209168,0.242317,0.168481,0.130854,0.130966,0.018670,0.000000,3.000000,0.007437,0.837002,-0.065309;-0.834450
2,3,1785598279.677284,-0.262867,-0.532719,0.069233,0.209249,0.242153,0.168210,0.130718,0.130854,0.018632,0.000000,3.000000,0.003103,0.671791,-0.440634;-0.507094
0,1,1785598279.777864,-0.263612,-0.532479,0.068936,0.209199,0.241148,0.168115,0.130179,0.130718,0.018614,0.000000,3.000000,0.000837,0.272906,0.139699;0.095056;0.214304
1,3,1785598279.877580,-0.265276,-0.532359,0.065406,0.209255,0.241136,0.167850,0.130108,0.130245,0.018575,0.000000,3.000000,0.003904,0.557022,-0.007152;-0.556976
0,3,1785598280.176987,-0.216524,-0.532118,0.062110,0.208618,0.238286,0.167648,0.128408,0.128770,0.019046,0.000000,3.000000,0.003700,0.687520,-0.008805;0.687463
2,3,1785598280.377813,-0.209913,-0.531248,0.059890,0.208548,0.237790,0.167483,0.128087,0.128183,0.019065,0.000000,3.000000,0.002345,0.484374,-0.314507;-0.368379
0,3,1785598280.477997,-0.215830,-0.530625,0.058454,0.208415,0.237717,0.167569,0.128026,0.128152,0.019072,0.000000,3.000000,0.006121,0.800194,0.680982;0.420206
1,3,1785598280.577752,-0.213584,-0.532626,0.054315,0.208333,0.237709,0.167507,0.127967,0.128026,0.019048,0.000000,3.000000,0.005116,1.026759,0.524916;-0.882439
2,3,1785598280.677431,-0.209156,-0.535268,0.058839,0.208408,0.237670,0.167413,0.127948,0.128047,0.019022,0.000000,3.000000,0.006860,1.523495,0.201325;-1.510135
0,3,1785598280.777748,-0.222858,-0.526850,0.039894,0.207943,0.237485,0.166537,0.127374,0.127948,0.018920,0.000000,3.000000,0.024850,1.116067,0.807650;0.770264
1,3,1785598280.876987,-0.219800,-0.528586,0.039446,0.208024,0.237482,0.166369,0.127350,0.127454,0.018885,0.000000,3.000000,0.003545,1.299602,0.467486;-1.212609
2,3,1785598280.976650,-0.219421,-0.531124,0.036173,0.208029,0.237396,0.166157,0.127241,0.127370,0.018805,0.000000,3.000000,0.004159,0.420510,0.404933;-0.113393
0,3,1785598281.076831,-0.214570,-0.519622,-0.004687,0.207377,0.236043,0.164318,0.125722,0.126734,0.018751,0.000000,3.000000,0.040844,1.472808,0.366348;1.426517
1,3,1785598281.178845,-0.210394,-0.520988,-0.007533,0.207315,0.236038,0.164294,0.125686,0.125722,0.018729,0.000000,3.000000,0.005235,1.005297,0.716776;-0.704878
2,1,1785598281.278912,-0.187566,-0.522155,-0.013261,0.207364,0.234714,0.164216,0.125058,0.125202,0.018921,0.000000,3.000000,0.001091,0.206228,0.118033;-0.150278;-0.077555
2,3,1785598281.377686,-0.186294,-0.523825,-0.014140,0.207339,0.234612,0.164190,0.124991,0.125058,0.018895,0.000000,3.000000,0.002275,0.396797,0.344485;-0.196920
0,3,1785598281.477237,-0.199616,-0.512137,-0.053907,0.206868,0.234319,0.162208,0.124011,0.125044,0.018617,0.000000,3.000000,0.043538,1.580356,-0.056284;1.579353
1,3,1785598281.576788,-0.194874,-0.512964,-0.053417,0.206752,0.234306,0.162133,0.123933,0.124031,0.018616,0.000000,3.000000,0.004838,0.846267,0.621259;-0.574634
2,1,1785598281.677651,-0.194832,-0.513216,-0.053280,0.206749,0.234109,0.162004,0.123797,0.123933,0.018607,0.000000,3.000000,0.000290,0.138301,0.132592;-0.036288;-0.015156
2,3,1785598281.777700,-0.193528,-0.514411,-0.052876,0.206798,0.234003,0.162119,0.123805,0.123877,0.018640,0.000000,3.000000,0.001814,0.311381,0.299469;-0.085299
0,3,1785598281.877121,-0.204656,-0.500199,-0.093762,0.206450,0.233716,0.160242,0.122923,0.123826,0.018341,0.000000,3.000000,0.044692,1.667582,-0.332772;1.634042
1,3,1785598281.977580,-0.200638,-0.499576,-0.093610,0.206228,0.233700,0.159934,0.122724,0.122923,0.018315,0.000000,3.000000,0.004069,0.983330,0.432733;-0.882995
2,1,1785598282.278277,-0.168561,-0.503946,-0.155297,0.206575,0.232137,0.160006,0.122163,0.122278,0.018555,0.000000,3.000000,0.000444,0.108888,0.069046;0.002977;0.084145
2,3,1785598282.378079,-0.165835,-0.504417,-0.154458,0.206531,0.232056,0.159989,0.122102,0.122163,0.018555,0.000000,3.000000,0.002890,0.654014,0.565705;-0.328196
1,3,1785598282.477736,-0.162672,-0.505109,-0.148859,0.206585,0.232056,0.159881,0.122090,0.122166,0.018548,0.000000,3.000000,0.006468,1.217409,0.285256;-1.183517
0,3,1785598282.576848,-0.166337,-0.494555,-0.168210,0.206212,0.231539,0.158496,0.121254,0.122110,0.018383,0.000000,3.000000,0.022344,1.048372,-0.333101;0.994046
1,3,1785598282.676723,-0.164215,-0.492810,-0.169566,0.206224,0.231515,0.158510,0.121253,0.121274,0.018382,0.000000,3.000000,0.003064,1.260041,0.437762;-1.181553
2,1,1785598283.177659,-0.143163,-0.497139,-0.204343,0.206625,0.230541,0.158672,0.121020,0.121126,0.018555,0.000000,3.000000,0.000519,0.140348,0.126982;-0.056983;-0.018060
2,3,1785598283.277761,-0.133404,-0.497889,-0.223830,0.206727,0.230089,0.158633,0.120841,0.120913,0.018574,0.000000,3.000000,0.002415,0.737386,0.431981;-0.597604
0,3,1785598283.376648,-0.137445,-0.484974,-0.241522,0.206355,0.229446,0.157421,0.120009,0.120841,0.018450,0.000000,3.000000,0.022273,1.091392,-0.228849;1.067129
1,3,1785598283.477323,-0.135524,-0.485682,-0.243537,0.206386,0.229406,0.157469,0.120019,0.120059,0.018464,0.000000,3.000000,0.002872,0.802347,0.610715;-0.520372
2,1,1785598283.577410,-0.135489,-0.485237,-0.243724,0.206381,0.229269,0.157343,0.119914,0.120019,0.018451,0.000000,3.000000,0.000485,0.156095,0.140862;0.046811;-0.048292
0,3,1785598283.678059,-0.138646,-0.480881,-0.256339,0.206207,0.229036,0.156059,0.119333,0.119994,0.018262,0.000000,3.000000,0.013715,0.617903,-0.253017;0.563726
1,3,1785598283.977311,-0.108173,-0.490081,-0.222219,0.206147,0.228225,0.154732,0.118526,0.119228,0.018172,0.000000,3.000000,0.012306,0.768898,0.768514;-0.024294
1,3,1785598284.077775,-0.099354,-0.494658,-0.210529,0.206177,0.227911,0.154559,0.118341,0.118445,0.018170,0.000000,3.000000,0.003418,0.693075,0.630914;0.286880
2,1,1785598284.177837,-0.099264,-0.493549,-0.210996,0.206174,0.227776,0.154480,0.118254,0.118341,0.018162,0.000000,3.000000,0.001206,0.268739,0.196773;0.096675;-0.155419
0,3,1785598284.277123,-0.077240,-0.518755,-0.153214,0.206068,0.227582,0.152617,0.117550,0.118323,0.017823,0.000000,3.000000,0.066777,2.689327,0.174918;-2.683633
1,3,1785598284.377532,-0.065173,-0.535381,-0.139839,0.206063,0.227310,0.150833,0.116882,0.117526,0.017476,0.000000,3.000000,0.020829,2.389081,1.008003;2.166019
2,1,1785598284.488515,-0.049767,-0.535515,-0.122196,0.206180,0.226737,0.150782,0.116655,0.116738,0.017536,0.000000,3.000000,0.001986,0.539751,0.264206;0.436262;0.176641
0,3,1785598284.577890,-0.044565,-0.552085,-0.105063,0.206165,0.226605,0.150328,0.116452,0.116655,0.017423,0.000000,3.000000,0.024397,2.417229,-0.114134;-2.414533
1,3,1785598284.678819,-0.046158,-0.567631,-0.104861,0.206076,0.226489,0.148188,0.115724,0.116503,0.016987,0.000000,3.000000,0.015628,2.445731,0.526028;2.388492
2,1,1785598284.778697,-0.045944,-0.566353,-0.105119,0.206098,0.226368,0.148155,0.115669,0.115744,0.016990,0.000000,3.000000,0.001321,0.587686,0.291794;0.436341;0.264269
0,3,1785598284.877094,-0.042395,-0.584450,-0.093426,0.206093,0.226231,0.147782,0.115494,0.115669,0.016889,0.000000,3.000000,0.021836,2.723536,-0.362746;-2.699270
1,3,1785598284.977517,-0.035556,-0.599896,-0.077312,0.205996,0.225814,0.145286,0.114534,0.115456,0.016452,0.000000,3.000000,0.016204,2.535579,0.296074;2.518233
2,1,1785598285.078181,-0.030243,-0.597916,-0.066748,0.206016,0.225546,0.145226,0.114404,0.114476,0.016469,0.000000,3.000000,0.002875,0.499483,0.295222;0.320133;-0.244626
1,3,1785598285.177892,-0.008959,-0.603949,-0.022950,0.206091,0.224992,0.145236,0.114188,0.114221,0.016554,0.000000,3.000000,0.006126,1.607114,0.164241;1.598699
2,1,1785598285.277847,-0.009080,-0.602061,-0.024423,0.206089,0.224885,0.145171,0.114120,0.114188,0.016546,0.000000,3.000000,0.002398,0.479665,0.294996;0.212449;-0.312924
1,3,1785598285.379135,-0.007888,-0.603871,-0.022185,0.205967,0.224878,0.144819,0.113965,0.114165,0.016512,0.000000,3.000000,0.003116,1.122063,0.096734;1.117886
2,1,1785598285.480083,0.005149,-0.602567,0.005511,0.206015,0.224450,0.144822,0.113793,0.113856,0.016582,0.000000,3.000000,0.001776,0.407002,0.272049;0.170625;-0.250054
0,1,1785598285.577276,0.004948,-0.606723,0.007809,0.205978,0.223729,0.144795,0.113447,0.113789,0.016569,0.000000,3.000000,0.004440,0.695691,0.148782;-0.082229;-0.674602
0,3,1785598285.677388,0.031445,-0.628229,0.069480,0.205913,0.223281,0.142620,0.112595,0.113310,0.016181,0.000000,3.000000,0.040962,3.102264,-0.765763;-3.006269
1,3,1785598285.777994,0.034499,-0.641126,0.077344,0.205706,0.223194,0.139894,0.111701,0.112618,0.015651,0.000000,3.000000,0.015411,2.398907,-0.209052;2.389781
2,1,1785598285.877952,0.034251,-0.639374,0.075606,0.205705,0.223096,0.139829,0.111638,0.111701,0.015643,0.000000,3.000000,0.002481,0.605853,0.235730;0.007414;-0.558063
0,3,1785598285.978964,0.034591,-0.649901,0.082015,0.205780,0.222925,0.139898,0.111612,0.111718,0.015650,0.000000,3.000000,0.012330,2.186722,-0.458218;-2.138174
1,3,1785598286.078096,0.055277,-0.659375,0.101976,0.205571,0.222253,0.138180,0.110750,0.111363,0.015431,0.000000,3.000000,0.014660,2.183542,-0.379895;2.150241
2,1,1785598286.379082,0.079495,-0.655864,0.090321,0.205576,0.221656,0.138279,0.110514,0.110573,0.015579,0.000000,3.000000,0.001942,0.587192,0.219325;-0.086820;-0.537730
2,1,1785598286.878571,0.095416,-0.653733,0.060766,0.205635,0.221267,0.138384,0.110395,0.110451,0.015683,0.000000,3.000000,0.001688,0.588502,0.222169;-0.135670;-0.527797
0,3,1785598286.977123,0.093671,-0.651797,0.060657,0.205542,0.221164,0.138178,0.110254,0.110395,0.015650,0.000000,3.000000,0.002609,0.359092,0.320527;-0.161893
2,1,1785598287.077899,0.093626,-0.652783,0.060727,0.205628,0.221081,0.138242,0.110270,0.110326,0.015675,0.000000,3.000000,0.000989,0.261781,0.231461;-0.122119;0.006506
2,3,1785598287.277517,0.082301,-0.624401,0.028350,0.205574,0.220396,0.137156,0.109647,0.110350,0.015493,0.000000,3.000000,0.044520,1.830628,-0.367197;-1.793423
0,3,1785598287.377134,0.077554,-0.609686,0.005206,0.204752,0.219854,0.133995,0.108214,0.109667,0.015069,0.000000,3.000000,0.027833,2.244047,0.373207;2.212796
2,1,1785598287.477652,0.077617,-0.610005,0.005269,0.204752,0.219789,0.133952,0.108174,0.108214,0.015062,0.000000,3.000000,0.000332,0.528233,0.073208;-0.324362;-0.410439
2,3,1785598287.578056,0.077175,-0.605124,-0.002286,0.204783,0.219337,0.133768,0.107938,0.108254,0.015048,0.000000,3.000000,0.009006,0.922318,0.157393;-0.908789
0,3,1785598287.676516,0.079776,-0.589608,-0.013956,0.204764,0.218914,0.133681,0.107722,0.107959,0.015037,0.000000,3.000000,0.019589,2.275200,0.009829;2.275179
2,3,1785598287.777873,0.082865,-0.588404,-0.014388,0.204412,0.218759,0.132722,0.107255,0.107722,0.014910,0.000000,3.000000,0.003343,0.751217,0.294756;-0.690975
0,3,1785598287.877047,0.081851,-0.582464,-0.047070,0.204425,0.218527,0.132110,0.106997,0.107312,0.014802,0.000000,3.000000,0.028240,1.902088,-0.285682;1.880512
0,3,1785598287.976716,0.094215,-0.578627,-0.082424,0.204426,0.218279,0.131221,0.106655,0.106954,0.014643,0.000000,3.000000,0.011429,1.417275,-0.325546;1.379380
2,1,1785598288.277026,0.094397,-0.579157,-0.081830,0.204524,0.218232,0.131328,0.106702,0.106736,0.014675,0.000000,3.000000,0.000816,0.310205,0.160325;-0.228339;-0.135589
2,3,1785598288.378866,0.101688,-0.584147,-0.071086,0.204170,0.218152,0.130575,0.106326,0.106702,0.014577,0.000000,3.000000,0.013910,0.913890,0.705011;0.581511
0,3,1785598288.477941,0.094435,-0.577127,-0.103830,0.204210,0.218057,0.129051,0.105905,0.106406,0.014271,0.000000,3.000000,0.034265,1.791126,-0.983844;1.496724
2,1,1785598288.877539,0.100741,-0.578274,-0.116599,0.204432,0.217946,0.129312,0.106014,0.106047,0.014352,0.000000,3.000000,0.000670,0.231650,0.177552;-0.145127;-0.032789
2,3,1785598288.977169,0.124258,-0.580999,-0.137203,0.204005,0.217747,0.128146,0.105453,0.105998,0.014204,0.000000,3.000000,0.014054,0.877002,0.358961;0.800174
2,1,1785598289.377336,0.124236,-0.581035,-0.137256,0.204078,0.217706,0.128223,0.105485,0.105514,0.014227,0.000000,3.000000,0.000068,0.137691,0.113403;0.032238;0.071129
2,3,1785598289.479517,0.120367,-0.586397,-0.147546,0.203870,0.217607,0.127348,0.105133,0.105562,0.014097,0.000000,3.000000,0.010210,1.468927,-0.244527;1.448432
2,1,1785598289.677239,0.120309,-0.586459,-0.147661,0.203955,0.217565,0.127451,0.105176,0.105204,0.014126,0.000000,3.000000,0.000143,0.183902,0.112119;0.067838;0.129024
2,3,1785598289.777498,0.121111,-0.586687,-0.144176,0.203540,0.217431,0.125911,0.104559,0.105196,0.013863,0.000000,3.000000,0.003583,1.432846,-0.401297;1.375503
2,1,1785598289.877297,0.141591,-0.590046,-0.183131,0.203689,0.217178,0.125939,0.104516,0.104542,0.013890,0.000000,3.000000,0.000141,0.222514,0.125196;0.101901;0.153149
2,3,1785598289.977355,0.137338,-0.593614,-0.190168,0.203172,0.216891,0.123510,0.103575,0.104516,0.013445,0.000000,3.000000,0.008963,1.236485,-0.472022;1.142843
2,1,1785598290.077711,0.137305,-0.593540,-0.190325,0.203234,0.216848,0.123595,0.103603,0.103628,0.013467,0.000000,3.000000,0.000177,0.244152,0.124483;0.125477;0.168433
2,3,1785598290.478335,0.141749,-0.593624,-0.188114,0.203150,0.216697,0.122746,0.103294,0.103757,0.013341,0.000000,3.000000,0.001415,0.280493,0.224176;-0.168587
2,1,1785598290.577679,0.141665,-0.594686,-0.187654,0.203149,0.216650,0.122732,0.103270,0.103294,0.013338,0.000000,3.000000,0.001160,0.456869,0.080263;-0.036831;0.448252
2,3,1785598290.677498,0.143147,-0.593406,-0.185103,0.203126,0.216597,0.122387,0.103153,0.103330,0.013281,0.000000,3.000000,0.003216,0.500364,0.363164;-0.344204
2,1,1785598290.777311,0.143066,-0.594496,-0.184610,0.203150,0.216554,0.122412,0.103150,0.103173,0.013288,0.000000,3.000000,0.001199,0.394782,0.053260;-0.086419;0.381508
2,3,1785598290.879087,0.161024,-0.597412,-0.145203,0.203280,0.216364,0.122469,0.103135,0.103136,0.013319,0.000000,3.000000,0.000677,0.809341,0.395734;-0.705993
2,1,1785598290.977853,0.160938,-0.598579,-0.144639,0.203279,0.216322,0.122455,0.103113,0.103135,0.013316,0.000000,3.000000,0.001299,0.340871,-0.037438;-0.183214;0.284999
2,3,1785598291.077517,0.172425,-0.599177,-0.120716,0.203390,0.216204,0.122506,0.103119,0.103155,0.013344,0.000000,3.000000,0.001380,0.792421,0.224941;-0.759824
2,1,1785598291.177916,0.172360,-0.600295,-0.120119,0.203390,0.216163,0.122492,0.103098,0.103119,0.013341,0.000000,3.000000,0.001269,0.323129,-0.097546;-0.233933;0.200431
2,3,1785598291.278441,0.185648,-0.598672,-0.091854,0.203444,0.216053,0.122455,0.103064,0.103114,0.013350,0.000000,3.000000,0.006480,0.992144,0.146781;-0.981226
2,3,1785598291.377459,0.185087,-0.599004,-0.093153,0.203349,0.215969,0.121937,0.102862,0.103064,0.013252,0.000000,3.000000,0.001453,0.723945,0.262945;-0.674505
0,3,1785598291.576851,0.199401,-0.582476,-0.095102,0.202596,0.215275,0.120140,0.101822,0.102915,0.012917,0.000000,3.000000,0.021951,0.954934,-0.923193;0.244159
0,3,1785598291.677528,0.204205,-0.577374,-0.093614,0.202314,0.214935,0.120038,0.101537,0.101822,0.012901,0.000000,3.000000,0.007163,0.455976,-0.441116;-0.115459
1,3,1785598291.777688,0.206168,-0.572321,-0.105821,0.202339,0.214909,0.119878,0.101498,0.101617,0.012875,0.000000,3.000000,0.013356,1.696031,1.433978;-0.905664
0,3,1785598291.877416,0.239177,-0.569878,-0.047392,0.202070,0.214536,0.119292,0.101088,0.101498,0.012818,0.000000,3.000000,0.007968,0.584485,-0.492531;0.314699
0,3,1785598291.977260,0.244669,-0.566583,-0.044740,0.201854,0.214461,0.118964,0.100891,0.101088,0.012757,0.000000,3.000000,0.006933,0.588799,-0.566486;-0.160556
2,1,1785598292.077183,0.252666,-0.568407,-0.026898,0.201901,0.214362,0.119021,0.100881,0.100902,0.012780,0.000000,3.000000,0.001647,0.380989,-0.037918;-0.363038;0.109169
2,3,1785598292.177339,0.249845,-0.563447,-0.044797,0.201838,0.214296,0.118607,0.100729,0.100881,0.012687,0.000000,3.000000,0.018786,1.973347,0.497787;-1.909531
0,3,1785598292.277538,0.262651,-0.561500,-0.021408,0.201539,0.214180,0.117738,0.100354,0.100757,0.012559,0.000000,3.000000,0.008800,0.447870,-0.447357;-0.021431
1,3,1785598292.378171,0.261242,-0.561548,-0.035460,0.201518,0.214177,0.117203,0.100218,0.100354,0.012436,0.000000,3.000000,0.014122,1.442780,1.002273;-1.037816
2,3,1785598292.477549,0.265676,-0.559530,-0.025052,0.201554,0.214109,0.116535,0.100047,0.100255,0.012302,0.000000,3.000000,0.003996,0.490802,-0.195975;-0.449978
0,3,1785598292.576646,0.269067,-0.559393,-0.020319,0.201187,0.214093,0.115644,0.099685,0.100047,0.012159,0.000000,3.000000,0.005824,0.331736,-0.274912;-0.185666
1,3,1785598292.678210,0.269073,-0.560448,-0.027342,0.201266,0.214075,0.115482,0.099672,0.099749,0.012123,0.000000,3.000000,0.007102,1.018242,0.869546;-0.529818
2,3,1785598292.778663,0.269122,-0.559761,-0.025743,0.201258,0.214037,0.114828,0.099502,0.099672,0.011981,0.000000,3.000000,0.001741,0.170903,-0.157849;-0.065510
0,3,1785598292.877866,0.274330,-0.560239,-0.017907,0.201015,0.214035,0.114221,0.099264,0.099582,0.011891,0.000000,3.000000,0.009421,0.586380,-0.380920;-0.445805
1,3,1785598292.977666,0.276904,-0.562042,-0.018785,0.201041,0.213991,0.114010,0.099208,0.099278,0.011846,0.000000,3.000000,0.006846,0.929743,0.862004;-0.348383
2,3,1785598293.077485,0.297939,-0.561528,0.028353,0.201078,0.213823,0.113631,0.099065,0.099193,0.011784,0.000000,3.000000,0.004766,0.618415,-0.173452;0.593591
0,1,1785598293.477225,0.317641,-0.558501,0.068625,0.201139,0.213165,0.113856,0.098859,0.099123,0.011855,0.000000,3.000000,0.002339,0.243073,-0.197676;-0.078266;0.117826
0,3,1785598293.577151,0.319251,-0.559297,0.072319,0.200993,0.213155,0.113625,0.098744,0.098859,0.011816,0.000000,3.000000,0.004108,0.536997,-0.236228;-0.482247
1,3,1785598293.677730,0.319774,-0.560821,0.067650,0.201009,0.213124,0.113400,0.098686,0.098769,0.011765,0.000000,3.000000,0.004940,0.597933,0.529765;-0.277259
2,3,1785598293.777497,0.320482,-0.558507,0.071852,0.201022,0.213049,0.113198,0.098614,0.098706,0.011724,0.000000,3.000000,0.004849,0.655532,-0.587915;0.289962
0,1,1785598293.877324,0.321449,-0.556717,0.072156,0.200971,0.212512,0.113181,0.098361,0.098614,0.011721,0.000000,3.000000,0.002058,0.221091,-0.189869;-0.112316;-0.014696
0,3,1785598293.977862,0.324751,-0.556166,0.081625,0.200812,0.212468,0.112856,0.098204,0.098432,0.011677,0.000000,3.000000,0.003345,0.391254,-0.001912;-0.391249
2,3,1785598294.077975,0.319180,-0.553614,0.077796,0.200735,0.212420,0.112370,0.098044,0.098204,0.011579,0.000000,3.000000,0.007225,1.012084,-0.855646;-0.540539
0,1,1785598294.177084,0.345579,-0.547760,0.127809,0.200689,0.211811,0.112485,0.097793,0.098034,0.011634,0.000000,3.000000,0.003427,0.262953,-0.174847;-0.189355;0.052129
0,3,1785598294.277252,0.364422,-0.546459,0.168038,0.200493,0.211733,0.112340,0.097649,0.097776,0.011638,0.000000,3.000000,0.004962,0.789060,-0.483833;-0.623314
1,3,1785598294.378384,0.364444,-0.550754,0.161900,0.200477,0.211651,0.111803,0.097487,0.097649,0.011527,0.000000,3.000000,0.007492,0.736763,0.725677;-0.127329
2,3,1785598294.478466,0.365904,-0.547612,0.167536,0.200517,0.211531,0.111531,0.097391,0.097552,0.011473,0.000000,3.000000,0.006615,0.585716,-0.163130;0.562540
0,1,1785598294.578153,0.367016,-0.544963,0.167916,0.200489,0.211049,0.111552,0.097181,0.097412,0.011479,0.000000,3.000000,0.002898,0.252232,-0.205604;-0.132478;0.061625
0,3,1785598294.677016,0.368482,-0.546363,0.170646,0.200403,0.210966,0.111442,0.097087,0.097181,0.011461,0.000000,3.000000,0.003400,0.563500,-0.352556;-0.439587
1,3,1785598294.777410,0.368768,-0.548258,0.166813,0.200473,0.210922,0.111296,0.097064,0.097167,0.011433,0.000000,3.000000,0.004285,0.526203,0.400898;-0.340838
2,3,1785598294.877473,0.369508,-0.545606,0.169340,0.200463,0.210808,0.111105,0.096970,0.097064,0.011394,0.000000,3.000000,0.003738,0.388165,-0.361261;0.141994
0,1,1785598294.977338,0.370708,-0.542692,0.169940,0.200513,0.210362,0.111271,0.096838,0.097054,0.011432,0.000000,3.000000,0.003193,0.286914,-0.228198;-0.132951;0.112112
0,3,1785598295.076827,0.373805,-0.544062,0.173570,0.200279,0.210271,0.110798,0.096602,0.096838,0.011355,0.000000,3.000000,0.004964,0.361023,-0.331307;-0.143434
0,1,1785598295.677696,0.387871,-0.539670,0.166959,0.200405,0.209819,0.111206,0.096553,0.096760,0.011462,0.000000,3.000000,0.002674,0.308565,-0.289728;-0.102591;0.027295
0,3,1785598295.777347,0.388679,-0.540518,0.166501,0.200312,0.209786,0.111067,0.096471,0.096553,0.011441,0.000000,3.000000,0.001257,0.354424,-0.050141;0.350859
1,3,1785598295.878170,0.394455,-0.542717,0.171228,0.200070,0.209736,0.110176,0.096156,0.096509,0.011286,0.000000,3.000000,0.007781,0.550662,0.547871;0.055374
2,3,1785598295.978309,0.418963,-0.536420,0.114954,0.199973,0.209647,0.110169,0.096078,0.096137,0.011313,0.000000,3.000000,0.003626,0.559671,-0.555932;0.064585
0,1,1785598296.078721,0.424971,-0.535112,0.105245,0.199910,0.209233,0.110139,0.095873,0.096075,0.011312,0.000000,3.000000,0.001289,0.254965,-0.247082;0.010987;0.061943
0,3,1785598296.177828,0.426294,-0.538386,0.099877,0.199878,0.209153,0.110032,0.095803,0.095873,0.011287,0.000000,3.000000,0.006425,1.118173,-0.326798;1.069352
1,3,1785598296.277653,0.435958,-0.538909,0.088676,0.199890,0.209141,0.109930,0.095781,0.095864,0.011278,0.000000,3.000000,0.004138,0.571827,0.543203;0.178650
2,3,1785598296.678001,0.436693,-0.532737,0.095349,0.199726,0.209062,0.109364,0.095558,0.095906,0.011201,0.000000,3.000000,0.009119,1.129876,-0.307427;1.087249
0,1,1785598296.777406,0.454479,-0.530161,0.059796,0.199671,0.208673,0.109371,0.095375,0.095570,0.011211,0.000000,3.000000,0.001747,0.295270,-0.265501;-0.012649;0.128583
0,3,1785598296.877234,0.455239,-0.537981,0.039119,0.199649,0.208626,0.108869,0.095237,0.095375,0.011100,0.000000,3.000000,0.022119,2.013164,-1.011261;1.740741
1,3,1785598296.977409,0.497936,-0.534906,-0.024477,0.199555,0.208636,0.108140,0.095045,0.095329,0.010981,0.000000,3.000000,0.008547,0.859681,0.836698;-0.197455
2,1,1785598297.076967,0.497782,-0.536038,-0.024004,0.199554,0.208598,0.108127,0.095027,0.095045,0.010978,0.000000,3.000000,0.001237,0.289338,0.033296;-0.264025;0.113573
2,3,1785598297.177105,0.497897,-0.534965,-0.023064,0.199527,0.208554,0.107973,0.094964,0.095062,0.010957,0.000000,3.000000,0.001431,0.511909,-0.190019;0.475336
0,3,1785598297.276508,0.520615,-0.537729,-0.076474,0.199573,0.208589,0.107537,0.094903,0.095035,0.010855,0.000000,3.000000,0.009034,0.835760,-0.748420;0.371971
2,1,1785598297.377432,0.520512,-0.538532,-0.076117,0.199573,0.208554,0.107524,0.094886,0.094903,0.010852,0.000000,3.000000,0.000885,0.253928,0.012018;-0.151628;0.203333
2,3,1785598297.477252,0.524755,-0.533904,-0.069295,0.199450,0.208443,0.107166,0.094714,0.094930,0.010799,0.000000,3.000000,0.009271,0.705920,0.119302;0.695765
0,3,1785598297.576735,0.526929,-0.537059,-0.082371,0.199432,0.208410,0.106780,0.094610,0.094734,0.010712,0.000000,3.000000,0.013626,1.367399,-0.958571;0.975152
1,3,1785598297.677855,0.560129,-0.536267,-0.137796,0.199408,0.208423,0.106269,0.094497,0.094746,0.010616,0.000000,3.000000,0.007144,1.348877,1.185509;-0.643459
2,1,1785598297.776824,0.559929,-0.537444,-0.137405,0.199407,0.208386,0.106261,0.094479,0.094497,0.010614,0.000000,3.000000,0.001256,0.306357,0.056412;-0.258453;0.154513
2,3,1785598297.878812,0.560039,-0.537359,-0.137352,0.199369,0.208313,0.106173,0.094415,0.094503,0.010604,0.000000,3.000000,0.000149,0.029120,0.028950;-0.003139
2,1,1785598298.077567,0.566472,-0.539552,-0.138089,0.199441,0.208303,0.106267,0.094460,0.094477,0.010618,0.000000,3.000000,0.001345,0.339182,0.040626;-0.266999;0.205196
2,3,1785598298.177681,0.566446,-0.539648,-0.138237,0.199378,0.208263,0.106170,0.094397,0.094460,0.010603,0.000000,3.000000,0.000179,0.042338,0.018940;-0.037866
1,3,1785598298.277362,0.568064,-0.538203,-0.137240,0.199435,0.208258,0.106268,0.094439,0.094453,0.010625,0.000000,3.000000,0.002388,0.932683,0.793569;-0.490048
2,1,1785598298.378699,0.567767,-0.539748,-0.136843,0.199434,0.208221,0.106263,0.094422,0.094439,0.010624,0.000000,3.000000,0.001623,0.399767,0.035943;-0.349198;0.191265
2,3,1785598298.477628,0.567749,-0.539868,-0.136409,0.199491,0.208222,0.106368,0.094467,0.094468,0.010646,0.000000,3.000000,0.000451,0.537125,-0.193801;-0.500944
0,3,1785598298.577801,0.573100,-0.537671,-0.136714,0.199319,0.208152,0.106081,0.094308,0.094487,0.010594,0.000000,3.000000,0.005792,0.665324,-0.658991;0.091578
1,3,1785598298.677575,0.572576,-0.539011,-0.142791,0.199302,0.208149,0.105979,0.094279,0.094308,0.010574,0.000000,3.000000,0.006245,1.366399,0.688393;-1.180323
2,1,1785598298.777748,0.578308,-0.541340,-0.136172,0.199422,0.208142,0.106171,0.094365,0.094380,0.010610,0.000000,3.000000,0.001570,0.400563,0.028789;-0.355242;0.182825
2,3,1785598298.877815,0.595187,-0.543883,-0.111480,0.199481,0.208201,0.106051,0.094387,0.094432,0.010572,0.000000,3.000000,0.000634,0.356911,-0.142132;-0.327389
2,1,1785598299.077002,0.594931,-0.545369,-0.111060,0.199526,0.208170,0.106133,0.094409,0.094424,0.010590,0.000000,3.000000,0.001565,0.433242,-0.060143;-0.414637;0.110265
2,3,1785598299.177365,0.593309,-0.546647,-0.112365,0.199545,0.208147,0.106048,0.094389,0.094430,0.010574,0.000000,3.000000,0.002443,1.130439,-0.338427;-1.078591
0,3,1785598299.277773,0.620059,-0.548532,-0.066313,0.199339,0.208217,0.105798,0.094284,0.094491,0.010523,0.000000,3.000000,0.004414,0.460444,-0.415475;0.198469
1,3,1785598299.378291,0.632910,-0.554857,-0.044537,0.199357,0.208257,0.105527,0.094250,0.094349,0.010461,0.000000,3.000000,0.011360,1.187752,0.594147;-1.028466
2,3,1785598299.478208,0.632752,-0.554827,-0.044480,0.199333,0.208157,0.105214,0.094133,0.094250,0.010406,0.000000,3.000000,0.000171,0.357224,-0.154404;-0.322132
0,3,1785598299.577061,0.634775,-0.554217,-0.042532,0.199226,0.208121,0.105062,0.094043,0.094174,0.010387,0.000000,3.000000,0.002874,0.281971,-0.234415;-0.156708
2,3,1785598299.677817,0.634928,-0.553131,-0.041363,0.199236,0.208017,0.104828,0.093955,0.094064,0.010347,0.000000,3.000000,0.001603,0.232098,-0.228116;-0.042807
0,1,1785598299.977112,0.660079,-0.551729,0.011438,0.199312,0.207808,0.105012,0.093937,0.094118,0.010370,0.000000,3.000000,0.001995,0.243043,-0.184721;-0.073049;0.140041
0,3,1785598300.076876,0.678111,-0.550731,0.047152,0.199174,0.207898,0.104910,0.093898,0.094013,0.010346,0.000000,3.000000,0.001594,0.180450,-0.135664;-0.118985
1,3,1785598300.176924,0.677239,-0.554908,0.040346,0.199097,0.207831,0.104597,0.093774,0.093898,0.010287,0.000000,3.000000,0.008034,0.841167,0.141358;-0.829204
2,3,1785598300.277554,0.677670,-0.552180,0.042858,0.199128,0.207691,0.104406,0.093688,0.093812,0.010257,0.000000,3.000000,0.003734,0.508456,-0.499873;-0.093030
1,3,1785598300.378605,0.676951,-0.553526,0.040102,0.199114,0.207663,0.104260,0.093640,0.093688,0.010228,0.000000,3.000000,0.003151,0.622111,-0.051301;-0.619992
2,3,1785598300.477694,0.675770,-0.553304,0.039791,0.199200,0.207563,0.104275,0.093636,0.093720,0.010238,0.000000,3.000000,0.001242,1.407667,-0.946125;-1.042293
0,1,1785598300.576955,0.676688,-0.551678,0.039922,0.199156,0.207202,0.104237,0.093461,0.093636,0.010233,0.000000,3.000000,0.001872,0.224814,-0.188376;-0.080262;0.092810
0,3,1785598300.676932,0.704664,-0.553919,0.094043,0.199084,0.207332,0.104259,0.093491,0.093628,0.010230,0.000000,3.000000,0.005007,0.830601,0.063777;0.828149
1,3,1785598300.777879,0.706104,-0.553873,0.095802,0.199068,0.207267,0.103993,0.093402,0.093491,0.010182,0.000000,3.000000,0.002273,0.577131,0.416201;0.399822
2,3,1785598300.876980,0.703060,-0.557145,0.090797,0.199081,0.207159,0.103901,0.093344,0.093428,0.010170,0.000000,3.000000,0.006710,1.486530,-0.910573;-1.175001
1,3,1785598300.977701,0.704867,-0.556491,0.093131,0.199099,0.207132,0.103824,0.093324,0.093369,0.010157,0.000000,3.000000,0.003023,0.831775,0.537433;0.634835
1,3,1785598301.077293,0.705515,-0.556332,0.094421,0.199097,0.207124,0.103777,0.093310,0.093324,0.010148,0.000000,3.000000,0.001452,0.704956,0.376122;0.596234
1,3,1785598301.177626,0.705883,-0.556474,0.094744,0.199172,0.207124,0.103905,0.093366,0.093372,0.010175,0.000000,3.000000,0.000788,0.652647,0.269268;0.594510
0,3,1785598301.277309,0.706690,-0.567242,0.080597,0.199136,0.206942,0.103530,0.093198,0.093391,0.010104,0.000000,3.000000,0.016734,1.349618,-0.387161;1.292894
1,3,1785598301.377443,0.707855,-0.566299,0.082990,0.199116,0.206936,0.103449,0.093171,0.093198,0.010091,0.000000,3.000000,0.002824,0.606107,0.236439;0.558088
1,3,1785598301.478106,0.708719,-0.565405,0.084522,0.199129,0.206914,0.103463,0.093170,0.093244,0.010103,0.000000,3.000000,0.001973,0.494073,0.181207;0.459643
1,3,1785598301.678787,0.708970,-0.565151,0.085116,0.199126,0.206903,0.103429,0.093157,0.093191,0.010100,0.000000,3.000000,0.000693,0.322794,0.087653;0.310665
1,3,1785598301.778009,0.713353,-0.564768,0.075503,0.199177,0.206921,0.103513,0.093203,0.093251,0.010121,0.000000,3.000000,0.000245,0.335390,-0.018077;0.334903
1,3,1785598301.877437,0.729957,-0.563758,0.043705,0.199189,0.207055,0.103549,0.093271,0.093280,0.010118,0.000000,3.000000,0.000279,0.267964,0.017571;0.267387
0,3,1785598301.977304,0.746145,-0.568420,0.007955,0.199140,0.207085,0.103109,0.093172,0.093340,0.010019,0.000000,3.000000,0.009593,0.823797,-0.642046;0.516158
1,3,1785598302.077333,0.760726,-0.567534,-0.017435,0.199143,0.207198,0.103056,0.093210,0.093247,0.009999,0.000000,3.000000,0.002073,0.381664,0.089972;0.370908
0,3,1785598302.176781,0.768621,-0.571087,-0.025390,0.199162,0.207207,0.102869,0.093182,0.093275,0.009954,0.000000,3.000000,0.006666,0.728048,-0.561861;0.462998
1,3,1785598302.277626,0.769816,-0.569719,-0.023340,0.199122,0.207175,0.102728,0.093124,0.093182,0.009932,0.000000,3.000000,0.002739,0.383613,0.122519;0.363522
2,3,1785598302.378113,0.763862,-0.579017,-0.031476,0.199045,0.206969,0.102480,0.092957,0.093149,0.009899,0.000000,3.000000,0.013714,1.028930,-0.632012;-0.811946
0,3,1785598302.476790,0.768444,-0.583790,-0.035173,0.198930,0.206918,0.102479,0.092890,0.092977,0.009898,0.000000,3.000000,0.007579,1.190858,-0.632893;1.008756
1,3,1785598302.577365,0.770734,-0.580960,-0.031566,0.198842,0.206867,0.102312,0.092800,0.092890,0.009872,0.000000,3.000000,0.005124,0.616758,0.175714;0.591198
2,3,1785598302.677398,0.767568,-0.586667,-0.036743,0.198888,0.206683,0.102199,0.092719,0.092881,0.009864,0.000000,3.000000,0.008330,0.673896,-0.315914;-0.595259
0,3,1785598302.777486,0.769649,-0.592711,-0.043751,0.198837,0.206616,0.102061,0.092643,0.092719,0.009836,0.000000,3.000000,0.009485,1.321955,-0.785201;1.063496
1,3,1785598302.877866,0.776685,-0.590280,-0.046969,0.198844,0.206594,0.101976,0.092619,0.092719,0.009825,0.000000,3.000000,0.005096,0.535123,0.294971;0.446484
2,3,1785598302.978576,0.795713,-0.597371,-0.082247,0.198837,0.206625,0.101789,0.092591,0.092737,0.009775,0.000000,3.000000,0.007942,0.673628,-0.181338;-0.648761
0,3,1785598303.077415,0.800050,-0.602972,-0.087460,0.198720,0.206559,0.101710,0.092501,0.092591,0.009755,0.000000,3.000000,0.008795,1.335467,-0.736734;1.113866
2,3,1785598303.377703,0.808004,-0.598693,-0.091561,0.198657,0.206464,0.101732,0.092441,0.092564,0.009761,0.000000,3.000000,0.007051,0.741428,0.589875;0.449179
2,3,1785598303.477364,0.810614,-0.594916,-0.088718,0.198703,0.206394,0.101798,0.092444,0.092504,0.009779,0.000000,3.000000,0.005400,0.743719,0.567367;0.480845
1,3,1785598303.577069,0.793568,-0.586099,0.062820,0.201180,0.206185,0.106694,0.094369,0.094413,0.010833,0.000000,3.000000,0.008573,1.378724,1.378722;-0.002261
2,1,1785598303.677371,0.793506,-0.586412,0.062913,0.201178,0.206145,0.106690,0.094351,0.094369,0.010832,0.000000,3.000000,0.000332,0.535738,0.309034;0.123061;0.419963
2,3,1785598303.777584,0.794056,-0.586090,0.060018,0.201196,0.206132,0.106738,0.094363,0.094384,0.010844,0.000000,3.000000,0.002965,2.479299,1.392734;2.051150
0,3,1785598303.877751,0.790951,-0.585036,0.070359,0.200986,0.206005,0.104164,0.093684,0.094363,0.010317,0.000000,3.000000,0.010849,0.539881,0.469867;-0.265887
1,3,1785598303.977724,0.800759,-0.578227,0.079976,0.200936,0.205901,0.104207,0.093629,0.093770,0.010336,0.000000,3.000000,0.011400,0.985672,0.891274;-0.420929
2,1,1785598304.277289,0.826959,-0.575560,0.136352,0.201002,0.206101,0.104440,0.093787,0.093800,0.010366,0.000000,3.000000,0.000203,0.564946,0.267949;0.197802;0.456335
2,3,1785598304.377083,0.824387,-0.581687,0.132682,0.200967,0.206006,0.104401,0.093726,0.093787,0.010362,0.000000,3.000000,0.007591,2.183871,0.595628;2.101076
0,3,1785598304.477393,0.826124,-0.579431,0.143998,0.200889,0.205941,0.102213,0.093216,0.093755,0.009924,0.000000,3.000000,0.011669,0.564527,0.002526;-0.564522
1,3,1785598304.677565,0.840197,-0.569321,0.159384,0.200794,0.205905,0.102233,0.093167,0.093257,0.009929,0.000000,3.000000,0.012232,1.802114,0.569281;-1.709835
2,1,1785598304.777220,0.840181,-0.569473,0.159405,0.200851,0.205882,0.102345,0.093203,0.093214,0.009951,0.000000,3.000000,0.000154,0.690356,0.241187;0.305072;0.570396
2,3,1785598304.877866,0.835078,-0.581460,0.156174,0.200823,0.205813,0.102309,0.093156,0.093203,0.009943,0.000000,3.000000,0.013423,2.563810,0.077499;2.562639
0,3,1785598304.977316,0.870322,-0.573784,0.241143,0.200698,0.206138,0.100880,0.092949,0.093331,0.009624,0.000000,3.000000,0.012314,0.811439,-0.156992;-0.796108
1,3,1785598305.077907,0.873353,-0.568938,0.235680,0.200619,0.206053,0.100819,0.092870,0.092949,0.009615,0.000000,3.000000,0.007906,2.587993,-0.194659;-2.580662
2,1,1785598305.178752,0.881894,-0.567066,0.254027,0.200649,0.206133,0.100958,0.092943,0.092953,0.009637,0.000000,3.000000,0.000283,0.692074,0.242249;0.276081;0.586568
2,3,1785598305.277311,0.881854,-0.570744,0.255113,0.200629,0.206104,0.100858,0.092904,0.092943,0.009612,0.000000,3.000000,0.003836,1.643282,0.374360;1.600072
0,1,1785598305.376483,0.882060,-0.569664,0.255411,0.200625,0.205786,0.100885,0.092776,0.092942,0.009621,0.000000,3.000000,0.001139,0.096577,-0.011374;-0.090510;0.031713
0,3,1785598305.477259,0.892235,-0.568531,0.295687,0.200500,0.205840,0.100133,0.092597,0.092831,0.009458,0.000000,3.000000,0.026606,2.139442,-0.361311;-2.108712
2,1,1785598305.577853,0.892194,-0.568888,0.295848,0.200499,0.205821,0.100127,0.092588,0.092597,0.009457,0.000000,3.000000,0.000394,0.599719,0.190461;0.189130;0.536300
2,3,1785598305.677128,0.891909,-0.571892,0.297348,0.200511,0.205797,0.099956,0.092548,0.092623,0.009416,0.000000,3.000000,0.003370,0.942096,0.140847;0.931508
0,1,1785598305.776614,0.892156,-0.570515,0.297728,0.200487,0.205488,0.099940,0.092408,0.092568,0.009416,0.000000,3.000000,0.001450,0.125217,-0.014926;-0.115578;0.045806
0,3,1785598305.877087,0.897684,-0.571672,0.331568,0.200374,0.205448,0.099437,0.092246,0.092408,0.009314,0.000000,3.000000,0.034309,3.524025,-1.442638;-3.215205
2,1,1785598305.978342,0.910240,-0.567539,0.361340,0.200398,0.205597,0.099669,0.092363,0.092372,0.009353,0.000000,3.000000,0.000465,0.550231,0.158661;0.128783;0.510878
0,1,1785598306.077138,0.921261,-0.560813,0.385855,0.200292,0.205430,0.099631,0.092245,0.092399,0.009343,0.000000,3.000000,0.002830,0.526516,-0.044955;0.036616;0.523314
2,1,1785598306.177942,0.921224,-0.561207,0.386092,0.200291,0.205409,0.099627,0.092235,0.092245,0.009342,0.000000,3.000000,0.000461,0.518146,0.130300;0.096318;0.492159
0,1,1785598306.276972,0.931810,-0.556217,0.409812,0.200215,0.205257,0.099663,0.092149,0.092301,0.009346,0.000000,3.000000,0.000758,0.156737,-0.038544;0.034759;0.147894
2,1,1785598306.377472,0.941725,-0.552068,0.434976,0.200148,0.205370,0.099689,0.092174,0.092185,0.009346,0.000000,3.000000,0.000409,0.532267,0.126965;0.106644;0.505781
0,1,1785598306.476760,0.948992,-0.546898,0.449009,0.200059,0.205171,0.099634,0.092046,0.092195,0.009335,0.000000,3.000000,0.002586,0.676767,-0.069359;0.195450;0.644206
2,1,1785598306.577608,0.948954,-0.547377,0.449303,0.200058,0.205148,0.099631,0.092035,0.092046,0.009334,0.000000,3.000000,0.000562,0.543217,0.083192;0.054686;0.534016
0,1,1785598306.677155,0.956596,-0.543289,0.455792,0.200045,0.204984,0.099774,0.091991,0.092138,0.009361,0.000000,3.000000,0.001471,0.448468,-0.100505;0.215118;0.380456
0,3,1785598306.777949,0.959573,-0.541494,0.463128,0.199888,0.204941,0.099344,0.091825,0.091991,0.009293,0.000000,3.000000,0.008118,0.879908,-0.672738;-0.567152
2,1,1785598306.877343,0.967577,-0.538011,0.455319,0.199855,0.205043,0.099423,0.091870,0.091880,0.009303,0.000000,3.000000,0.000598,0.744550,0.052399;0.136455;0.730061
0,3,1785598306.977312,0.980193,-0.531521,0.442412,0.199734,0.205179,0.099083,0.091810,0.091918,0.009241,0.000000,3.000000,0.003253,0.358441,-0.358441;-0.000264
2,1,1785598307.077439,0.980184,-0.531735,0.442713,0.199734,0.205157,0.099078,0.091800,0.091810,0.009240,0.000000,3.000000,0.000369,0.836017,0.063054;0.270383;0.788570
2,3,1785598307.178077,0.982045,-0.534149,0.440822,0.199689,0.204999,0.098010,0.091506,0.091842,0.009044,0.000000,3.000000,0.003586,0.316751,0.316155;0.019415
0,3,1785598307.277876,1.002260,-0.526101,0.406347,0.199501,0.205274,0.097897,0.091522,0.091603,0.009013,0.000000,3.000000,0.002254,0.336515,-0.292643;0.166139
2,1,1785598307.376893,1.019234,-0.519398,0.369669,0.199411,0.205522,0.097933,0.091595,0.091605,0.009004,0.000000,3.000000,0.000236,0.927107,0.028068;0.359438;0.854134
2,3,1785598307.477661,1.031754,-0.515581,0.353125,0.199314,0.205626,0.097569,0.091528,0.091655,0.008926,0.000000,3.000000,0.006300,0.919827,0.281942;0.875551
0,3,1785598307.577346,1.033227,-0.516358,0.353280,0.199257,0.205603,0.097355,0.091454,0.091528,0.008885,0.000000,3.000000,0.001673,0.340349,-0.339115;-0.028949
2,1,1785598307.677873,1.033286,-0.516197,0.353034,0.199304,0.205587,0.097458,0.091486,0.091497,0.008905,0.000000,3.000000,0.000300,1.049139,-0.002337;0.560449;0.886896
2,3,1785598307.777242,1.035869,-0.515887,0.359766,0.199262,0.205571,0.097249,0.091422,0.091486,0.008867,0.000000,3.000000,0.007217,1.227861,0.460804;1.138113
0,3,1785598307.876887,1.045201,-0.515175,0.339536,0.199305,0.205674,0.097183,0.091469,0.091549,0.008849,0.000000,3.000000,0.004139,0.530233,-0.475258;0.235109
2,1,1785598307.977881,1.045220,-0.514980,0.338933,0.199304,0.205653,0.097174,0.091458,0.091469,0.008848,0.000000,3.000000,0.000635,1.046898,-0.099561;0.659146;0.807223
2,3,1785598308.077497,1.048274,-0.513243,0.346338,0.199291,0.205654,0.097117,0.091442,0.091495,0.008839,0.000000,3.000000,0.008197,1.383546,0.405031;1.322932
2,3,1785598308.179191,1.050192,-0.511073,0.351904,0.199158,0.205586,0.096906,0.091320,0.091442,0.008809,0.000000,3.000000,0.006274,1.027574,0.192283;1.009423
2,3,1785598308.377565,1.051131,-0.509911,0.354549,0.199166,0.205492,0.096949,0.091293,0.091421,0.008830,0.000000,3.000000,0.003038,0.671382,0.097345;0.664288
2,1,1785598308.478540,1.051306,-0.509075,0.354092,0.199165,0.205465,0.096939,0.091280,0.091293,0.008829,0.000000,3.000000,0.000968,0.822427,-0.146416;0.641162;0.493821
2,3,1785598308.577424,1.051340,-0.508833,0.355796,0.199183,0.205368,0.096944,0.091248,0.091359,0.008842,0.000000,3.000000,0.001722,0.829383,-0.102644;0.823007
2,3,1785598308.777474,1.052121,-0.507504,0.357870,0.199148,0.205243,0.096776,0.091150,0.091268,0.008822,0.000000,3.000000,0.002584,0.777938,0.058141;0.775762
2,3,1785598308.878113,1.051247,-0.509597,0.356545,0.199196,0.205095,0.096718,0.091097,0.091231,0.008825,0.000000,3.000000,0.002627,0.761866,-0.287335;0.705605
2,3,1785598308.977195,1.051266,-0.510192,0.356352,0.199165,0.204907,0.096402,0.090947,0.091097,0.008781,0.000000,3.000000,0.000626,0.757121,-0.144042;0.743293
2,3,1785598309.078252,1.050720,-0.510710,0.356252,0.199212,0.204802,0.096415,0.090925,0.091026,0.008794,0.000000,3.000000,0.000760,0.786084,-0.259691;0.741950
2,0,1785598309.177764,1.051719,-0.504279,0.352532,0.199209,0.204070,0.096174,0.090578,0.090945,0.008726,0.000000,3.000000,0.007496,0.734247,0.554184;0.449264;-0.173665
2,3,1785598309.278624,1.051613,-0.505674,0.353230,0.199195,0.203948,0.096010,0.090492,0.090598,0.008706,0.000000,3.000000,0.001563,0.648080,-0.220643;0.609364
0,3,1785598309.377039,1.057413,-0.500652,0.360972,0.199024,0.203902,0.094795,0.090173,0.090492,0.008454,0.000000,3.000000,0.010900,1.780578,-1.195458;-1.319598
2,0,1785598309.477328,1.065781,-0.493006,0.347106,0.199049,0.203347,0.094746,0.089948,0.090285,0.008417,0.000000,3.000000,0.005976,0.759892,0.534116;0.476969;-0.254276
2,3,1785598309.577648,1.068277,-0.492140,0.354272,0.199005,0.203255,0.094464,0.089839,0.089948,0.008371,0.000000,3.000000,0.007637,1.028479,-0.290857;0.986495
0,3,1785598309.677550,1.084386,-0.475784,0.341538,0.198926,0.203132,0.094371,0.089740,0.089883,0.008343,0.000000,3.000000,0.026252,2.434251,-1.831993;1.602929
2,0,1785598309.777919,1.094119,-0.467018,0.320662,0.198881,0.202649,0.094172,0.089489,0.089807,0.008275,0.000000,3.000000,0.006701,0.781689,0.506637;0.544818;-0.239854
2,3,1785598309.876751,1.101946,-0.454782,0.333467,0.198713,0.202192,0.093191,0.089053,0.089489,0.008135,0.000000,3.000000,0.019363,0.977091,0.448494;0.868078
0,3,1785598309.978507,1.125612,-0.437168,0.301179,0.198627,0.202279,0.093227,0.089061,0.089169,0.008115,0.000000,3.000000,0.019802,1.937998,-1.605863;1.084916
2,0,1785598310.077690,1.137439,-0.429412,0.277626,0.198562,0.201886,0.092986,0.088831,0.089132,0.008035,0.000000,3.000000,0.005396,0.745449,0.475269;0.507553;-0.268709
0,3,1785598310.177535,1.143418,-0.423048,0.274153,0.198515,0.201834,0.092829,0.088763,0.088831,0.008003,0.000000,3.000000,0.009397,1.397711,-1.164712;0.772686
2,0,1785598310.277561,1.150510,-0.418181,0.260466,0.198502,0.201386,0.092672,0.088547,0.088835,0.007944,0.000000,3.000000,0.004149,0.732732,0.446853;0.458953;-0.355782
2,0,1785598310.377060,1.151932,-0.415800,0.258677,0.198466,0.200848,0.092428,0.088271,0.088547,0.007878,0.000000,3.000000,0.003300,0.702599,0.403730;0.415591;-0.397407
2,0,1785598310.477568,1.165967,-0.410650,0.232074,0.198457,0.200602,0.092353,0.088155,0.088416,0.007823,0.000000,3.000000,0.002910,0.662334,0.347801;0.377496;-0.418590
2,3,1785598310.577188,1.172821,-0.396772,0.226105,0.198130,0.199763,0.090564,0.087363,0.088163,0.007571,0.000000,3.000000,0.015267,1.261717,1.246297;-0.196659
2,0,1785598310.677098,1.174240,-0.395837,0.224844,0.198115,0.199293,0.090374,0.087135,0.087383,0.007517,0.000000,3.000000,0.002116,0.646945,0.314667;0.306472;-0.474971
2,3,1785598310.777825,1.197723,-0.386557,0.173105,0.198025,0.199675,0.090221,0.087224,0.087321,0.007451,0.000000,3.000000,0.007349,1.065222,0.885751;-0.591730
2,0,1785598310.877031,1.199222,-0.386589,0.172289,0.197985,0.199216,0.089985,0.086982,0.087224,0.007388,0.000000,3.000000,0.001707,0.616777,0.293745;0.235359;-0.488604
2,3,1785598310.977294,1.198836,-0.383216,0.169364,0.198022,0.199167,0.090006,0.086981,0.087022,0.007387,0.000000,3.000000,0.004482,0.759329,0.556852;-0.516232
2,0,1785598311.077216,1.227307,-0.379899,0.118897,0.197990,0.199339,0.089905,0.087019,0.087248,0.007299,0.000000,3.000000,0.001749,0.592982,0.287347;0.180313;-0.486360
2,3,1785598311.177438,1.223206,-0.376977,0.107277,0.197999,0.199178,0.089807,0.086941,0.086986,0.007290,0.000000,3.000000,0.003724,0.801848,0.371374;-0.710663
2,0,1785598311.277793,1.224853,-0.378087,0.106853,0.197959,0.198745,0.089594,0.086714,0.086941,0.007231,0.000000,3.000000,0.002031,0.623101,0.276714;0.155039;-0.536327
2,3,1785598311.677648,1.232607,-0.375539,0.093552,0.198068,0.198705,0.089397,0.086706,0.086875,0.007205,0.000000,3.000000,0.002255,0.646872,0.247389;-0.597697
2,0,1785598311.777927,1.247914,-0.375981,0.067380,0.198037,0.198619,0.089240,0.086632,0.086848,0.007130,0.000000,3.000000,0.002280,0.601048,0.258617;0.111065;-0.531074
2,3,1785598311.878151,1.247512,-0.374242,0.066366,0.198029,0.198530,0.089146,0.086577,0.086632,0.007116,0.000000,3.000000,0.002052,0.444502,0.198905;-0.397516
2,3,1785598312.477571,1.273203,-0.370118,0.021148,0.198328,0.199005,0.089596,0.086964,0.087072,0.007159,0.000000,3.000000,0.004324,0.483094,-0.238760;-0.419969
2,3,1785598312.577490,1.286535,-0.369311,-0.003667,0.198324,0.199311,0.089550,0.087076,0.087102,0.007125,0.000000,3.000000,0.000866,0.230136,-0.210892;-0.092125
2,3,1785598312.677253,1.300899,-0.369626,-0.034103,0.198318,0.199666,0.089455,0.087199,0.087228,0.007080,0.000000,3.000000,0.000730,0.219402,-0.207886;0.070147
2,3,1785598312.877616,1.300981,-0.369400,-0.033904,0.198363,0.199655,0.089539,0.087227,0.087236,0.007095,0.000000,3.000000,0.000312,0.110287,-0.068587;0.086366
2,3,1785598312.978597,1.300994,-0.369359,-0.033870,0.198386,0.199640,0.089574,0.087237,0.087247,0.007103,0.000000,3.000000,0.000055,0.027186,-0.026487;0.006125
2,3,1785598313.078238,1.301249,-0.369485,-0.033702,0.198399,0.199630,0.089519,0.087228,0.087257,0.007096,0.000000,3.000000,0.000331,0.155539,-0.145873;0.053975
1,3,1785598313.777594,1.319301,-0.412435,-0.076898,0.198590,0.198873,0.088810,0.086876,0.087577,0.006955,0.000000,3.000000,0.044080,1.997340,1.421200;-1.403410
1,3,1785598313.877375,1.314534,-0.426814,-0.085171,0.198604,0.198467,0.088247,0.086620,0.086943,0.006894,0.000000,3.000000,0.017260,1.163225,0.956363;-0.662165
1,3,1785598314.777936,1.317639,-0.433879,-0.100400,0.198872,0.198440,0.088109,0.086692,0.086937,0.006890,0.000000,3.000000,0.010931,0.878361,0.866015;0.146756
1,3,1785598314.877205,1.314732,-0.439754,-0.107203,0.198891,0.198302,0.087747,0.086581,0.086735,0.006849,0.000000,3.000000,0.009447,0.795333,0.640689;0.471245
1,3,1785598315.077803,1.312400,-0.444635,-0.113257,0.198974,0.198229,0.087699,0.086576,0.086661,0.006853,0.000000,3.000000,0.008118,0.901834,0.381206;0.817305
1,3,1785598315.177237,1.310996,-0.447492,-0.116808,0.198987,0.198175,0.087569,0.086537,0.086597,0.006839,0.000000,3.000000,0.004769,0.822013,0.300508;0.765115
1,3,1785598315.277869,1.309922,-0.449965,-0.119772,0.198979,0.198121,0.087371,0.086478,0.086537,0.006813,0.000000,3.000000,0.004007,0.724099,0.239063;0.683497
1,3,1785598315.377712,1.309170,-0.451465,-0.121527,0.199065,0.198060,0.087442,0.086501,0.086558,0.006833,0.000000,3.000000,0.002428,0.668419,0.112207;0.658934
1,3,1785598315.477102,1.335157,-0.456355,-0.159564,0.199149,0.198672,0.087422,0.086774,0.086827,0.006782,0.000000,3.000000,0.001922,0.652688,0.141175;0.637237
1,3,1785598315.577674,1.338167,-0.458112,-0.168144,0.199149,0.198702,0.087254,0.086756,0.086812,0.006754,0.000000,3.000000,0.001885,0.662656,0.141676;0.647334
1,3,1785598315.677923,1.338067,-0.458189,-0.168242,0.199134,0.198634,0.087115,0.086699,0.086756,0.006738,0.000000,3.000000,0.000160,0.537641,0.115175;0.525159
1,2,1785598315.877976,1.337606,-0.461462,-0.172795,0.199212,0.198535,0.087266,0.086717,0.086772,0.006768,0.000000,3.000000,0.005627,2.170761,1.959975;-0.694745;0.622920
1,3,1785598315.977738,1.337264,-0.462471,-0.174161,0.199304,0.198491,0.087359,0.086753,0.086797,0.006790,0.000000,3.000000,0.001732,0.917007,0.125974;0.908313
2,3,1785598316.077530,1.318433,-0.511442,-0.219668,0.199247,0.197279,0.086432,0.086088,0.086773,0.006682,0.000000,3.000000,0.069453,3.478179,-2.481007;-2.437690
1,2,1785598316.178589,1.318992,-0.511751,-0.222223,0.199234,0.197176,0.086381,0.086034,0.086088,0.006677,0.000000,3.000000,0.002633,2.249518,2.024986;-0.586165;0.784968
1,3,1785598316.278265,1.320555,-0.506067,-0.218437,0.199307,0.196902,0.086449,0.085967,0.086114,0.006703,0.000000,3.000000,0.007006,1.373147,1.075105;0.854214
2,3,1785598316.377202,1.311339,-0.528444,-0.240895,0.199302,0.196671,0.086046,0.085804,0.085987,0.006649,0.000000,3.000000,0.033015,2.766754,-1.827934;-2.076917
1,2,1785598316.477548,1.337032,-0.534229,-0.292154,0.199420,0.197176,0.086171,0.086072,0.086126,0.006624,0.000000,3.000000,0.001980,2.179485,1.977730;-0.579601;0.709086
1,3,1785598316.577224,1.347073,-0.540332,-0.316026,0.199432,0.196991,0.085945,0.085965,0.086193,0.006585,0.000000,3.000000,0.003920,1.586889,1.473063;0.590171
2,3,1785598316.678239,1.349552,-0.555582,-0.343745,0.199444,0.197062,0.085677,0.085952,0.086046,0.006533,0.000000,3.000000,0.018780,2.220130,-1.708959;-1.417194
1,2,1785598316.777444,1.351150,-0.553316,-0.344026,0.199429,0.196956,0.085616,0.085893,0.085952,0.006528,0.000000,3.000000,0.002787,2.162310,1.951068;-0.703341;0.611744
1,3,1785598316.877417,1.348736,-0.564998,-0.350743,0.199504,0.196697,0.085738,0.085842,0.085968,0.006558,0.000000,3.000000,0.013690,1.884696,1.884276;0.039796
2,3,1785598316.978389,1.347405,-0.571099,-0.356194,0.199520,0.196666,0.085670,0.085825,0.085863,0.006548,0.000000,3.000000,0.008289,1.881240,-1.699039;-0.807670
1,2,1785598317.078310,1.349402,-0.567881,-0.355338,0.199503,0.196551,0.085593,0.085760,0.085825,0.006541,0.000000,3.000000,0.003883,2.001682,1.770411;-0.859004;0.366724
1,3,1785598317.177787,1.347158,-0.582834,-0.361067,0.199588,0.196415,0.085761,0.085769,0.085839,0.006573,0.000000,3.000000,0.016169,2.072827,1.920704;-0.779429
2,3,1785598317.277206,1.347812,-0.584977,-0.363781,0.199583,0.196399,0.085680,0.085747,0.085769,0.006558,0.000000,3.000000,0.003520,1.784717,-1.656331;-0.664667
1,3,1785598317.377451,1.346132,-0.599735,-0.369071,0.199665,0.196293,0.085779,0.085755,0.085827,0.006579,0.000000,3.000000,0.015768,2.161911,1.910536;-1.011787
2,3,1785598317.478642,1.347960,-0.596554,-0.367442,0.199660,0.196274,0.085729,0.085737,0.085755,0.006570,0.000000,3.000000,0.004015,1.698605,-1.591102;-0.594687
1,3,1785598317.578143,1.338139,-0.605830,-0.363479,0.199717,0.196041,0.085876,0.085693,0.085741,0.006613,0.000000,3.000000,0.012785,2.305880,1.953229;-1.225554
2,3,1785598317.678238,1.327933,-0.595693,-0.353818,0.199682,0.195720,0.085819,0.085544,0.085573,0.006631,0.000000,3.000000,0.006876,1.554914,-1.431236;-0.607718
1,3,1785598317.777999,1.325728,-0.606831,-0.359450,0.199672,0.195638,0.085652,0.085479,0.085544,0.006609,0.000000,3.000000,0.012674,2.057411,1.841802;-0.916902
2,3,1785598317.877966,1.328260,-0.600687,-0.358185,0.199693,0.195607,0.085663,0.085478,0.085509,0.006611,0.000000,3.000000,0.006765,1.711180,-1.427642;-0.943384
1,3,1785598317.977691,1.328219,-0.609526,-0.361223,0.199681,0.195524,0.085394,0.085394,0.085478,0.006575,0.000000,3.000000,0.009347,1.995434,1.595394;-1.198531
2,3,1785598318.078366,1.331465,-0.600955,-0.358417,0.199751,0.195469,0.085532,0.085424,0.085474,0.006600,0.000000,3.000000,0.009585,1.662859,-1.366535;-0.947462
1,3,1785598318.177109,1.331782,-0.608865,-0.360855,0.199759,0.195391,0.085298,0.085357,0.085444,0.006571,0.000000,3.000000,0.008283,2.033852,1.567476;-1.295982
2,3,1785598318.277666,1.336204,-0.597740,-0.355736,0.199737,0.195280,0.085172,0.085283,0.085357,0.006555,0.000000,3.000000,0.013020,1.692607,-1.506544;-0.771520
1,3,1785598318.377248,1.336469,-0.604473,-0.358284,0.199812,0.195224,0.085126,0.085284,0.085363,0.006556,0.000000,3.000000,0.007204,1.848611,1.448686;-1.148334
2,3,1785598318.477980,1.340021,-0.594678,-0.353448,0.199796,0.195126,0.085002,0.085218,0.085284,0.006540,0.000000,3.000000,0.011487,1.586849,-1.448869;-0.647200
1,3,1785598318.577644,1.334982,-0.601049,-0.355948,0.199869,0.194990,0.085020,0.085197,0.085275,0.006558,0.000000,3.000000,0.008883,1.788901,1.436914;-1.065573
2,3,1785598318.677735,1.336752,-0.594318,-0.353560,0.199861,0.194933,0.084900,0.085151,0.085197,0.006542,0.000000,3.000000,0.007358,1.553402,-1.354877;-0.759846
1,3,1785598318.779553,1.335458,-0.601081,-0.358333,0.199878,0.194882,0.084768,0.085116,0.085175,0.006527,0.000000,3.000000,0.008378,1.759263,1.469406;-0.967395
2,3,1785598318.878127,1.338878,-0.591695,-0.355668,0.199850,0.194779,0.084571,0.085031,0.085116,0.006501,0.000000,3.000000,0.010339,1.622675,-1.368258;-0.872322
1,3,1785598318.978184,1.339148,-0.595415,-0.358739,0.199930,0.194764,0.084599,0.085062,0.085111,0.006511,0.000000,3.000000,0.004831,1.496249,1.300315;-0.740232
2,3,1785598319.077414,1.342977,-0.586584,-0.354607,0.199905,0.194668,0.084428,0.084986,0.085062,0.006488,0.000000,3.000000,0.010475,1.456021,-1.422225;-0.311890
1,3,1785598319.177589,1.343669,-0.588363,-0.356483,0.199984,0.194666,0.084473,0.085024,0.085066,0.006499,0.000000,3.000000,0.002677,1.350193,1.198334;-0.622108
2,3,1785598319.277675,1.347162,-0.580944,-0.352917,0.199965,0.194600,0.084334,0.084967,0.085024,0.006480,0.000000,3.000000,0.008942,1.461561,-1.451905;-0.167730
1,3,1785598319.377929,1.347887,-0.581795,-0.355031,0.200044,0.194605,0.084407,0.085013,0.085047,0.006495,0.000000,3.000000,0.002392,1.366660,1.296235;-0.433051
2,3,1785598319.478252,1.324113,-0.568682,-0.405646,0.200031,0.194061,0.084487,0.084810,0.084835,0.006556,0.000000,3.000000,0.003368,1.390089,-1.377518;-0.186525
1,3,1785598319.578309,1.322413,-0.572797,-0.410551,0.200024,0.194031,0.084314,0.084767,0.084811,0.006532,0.000000,3.000000,0.006698,1.387845,1.356733;-0.292216
2,3,1785598319.677863,1.321622,-0.573928,-0.413382,0.200019,0.194018,0.084157,0.084733,0.084767,0.006510,0.000000,3.000000,0.003149,1.375564,-1.354489;-0.239870
1,3,1785598319.777708,1.320170,-0.577460,-0.417672,0.200091,0.194013,0.084250,0.084775,0.084807,0.006529,0.000000,3.000000,0.005744,1.452794,1.411582;-0.343583
2,3,1785598319.877228,1.319345,-0.579035,-0.420317,0.200083,0.193987,0.084048,0.084728,0.084775,0.006500,0.000000,3.000000,0.003187,1.233260,-1.231407;-0.067580
1,3,1785598319.977185,1.318248,-0.581687,-0.423586,0.200162,0.193988,0.084180,0.084782,0.084808,0.006525,0.000000,3.000000,0.004350,1.346593,1.304066;-0.335748
2,3,1785598320.077772,1.317115,-0.584056,-0.426999,0.200153,0.193960,0.083977,0.084734,0.084782,0.006497,0.000000,3.000000,0.004306,1.253376,-1.246755;-0.128660
1,3,1785598320.177854,1.316082,-0.586590,-0.430035,0.200232,0.193963,0.084121,0.084791,0.084814,0.006523,0.000000,3.000000,0.004087,1.421449,1.365461;-0.395009
2,3,1785598320.277799,1.314850,-0.589215,-0.433684,0.200222,0.193928,0.083904,0.084737,0.084791,0.006493,0.000000,3.000000,0.004661,1.153897,-1.136720;-0.198360
1,3,1785598320.377653,1.314957,-0.589791,-0.435159,0.200301,0.193940,0.084048,0.084797,0.084818,0.006519,0.000000,3.000000,0.001587,1.209241,1.170597;-0.303259
2,3,1785598320.477512,1.315820,-0.588898,-0.436607,0.200340,0.193931,0.083965,0.084796,0.084850,0.006510,0.000000,3.000000,0.001908,1.212766,-1.192205;-0.222366
1,3,1785598320.578708,1.317228,-0.587399,-0.436611,0.200331,0.193918,0.083826,0.084763,0.084797,0.006490,0.000000,3.000000,0.002056,1.255199,1.210921;-0.330445
2,3,1785598320.677480,1.318131,-0.586517,-0.437982,0.200318,0.193903,0.083616,0.084717,0.084763,0.006459,0.000000,3.000000,0.001864,1.274185,-1.254744;-0.221734
1,3,1785598320.777664,1.319293,-0.585395,-0.438298,0.200359,0.193898,0.083605,0.084730,0.084769,0.006461,0.000000,3.000000,0.001646,1.166520,1.133558;-0.275343
2,3,1785598320.877318,1.319034,-0.586492,-0.440890,0.200351,0.193882,0.083421,0.084690,0.084730,0.006434,0.000000,3.000000,0.002827,1.188913,-1.163461;-0.244685
1,3,1785598320.977400,1.318915,-0.587601,-0.442812,0.200426,0.193883,0.083517,0.084736,0.084770,0.006454,0.000000,3.000000,0.002222,1.196905,1.166347;-0.268731
2,3,1785598321.078816,1.319550,-0.587176,-0.444489,0.200413,0.193863,0.083292,0.084686,0.084736,0.006421,0.000000,3.000000,0.001843,1.209845,-1.180628;-0.264274
1,3,1785598321.177011,1.320415,-0.586488,-0.445073,0.200482,0.193863,0.083358,0.084725,0.084766,0.006436,0.000000,3.000000,0.001249,1.030788,1.012126;-0.195256
2,3,1785598321.277595,1.320045,-0.587881,-0.447810,0.200473,0.193840,0.083155,0.084678,0.084725,0.006407,0.000000,3.000000,0.003093,1.205385,-1.177475;-0.257885
1,3,1785598321.378286,1.318887,-0.590776,-0.450904,0.200548,0.193825,0.083255,0.084719,0.084759,0.006428,0.000000,3.000000,0.004393,1.154175,1.129632;-0.236752
2,3,1785598321.477550,1.317389,-0.594155,-0.454874,0.200537,0.193767,0.083019,0.084653,0.084719,0.006397,0.000000,3.000000,0.005424,1.103790,-1.065562;-0.287973
1,3,1785598321.577236,1.316268,-0.596967,-0.457792,0.200574,0.193747,0.083028,0.084662,0.084695,0.006402,0.000000,3.000000,0.004205,1.130375,1.107779;-0.224886
2,3,1785598321.677768,1.314812,-0.600289,-0.461709,0.200581,0.193687,0.082837,0.084609,0.084682,0.006379,0.000000,3.000000,0.005338,1.069637,-1.024901;-0.306108
1,3,1785598321.778586,1.313752,-0.602948,-0.464440,0.200596,0.193663,0.082790,0.084599,0.084629,0.006375,0.000000,3.000000,0.003956,1.047458,1.032655;-0.175479
2,3,1785598321.876960,1.312351,-0.606169,-0.468237,0.200583,0.193591,0.082529,0.084522,0.084599,0.006341,0.000000,3.000000,0.005173,0.989525,-0.931951;-0.332606
1,3,1785598321.977136,1.311287,-0.608862,-0.470934,0.200657,0.193584,0.082671,0.084573,0.084602,0.006367,0.000000,3.000000,0.003957,1.085582,1.067359;-0.198074
2,3,1785598322.077339,1.309958,-0.611927,-0.474566,0.200644,0.193513,0.082420,0.084499,0.084573,0.006334,0.000000,3.000000,0.004935,0.955833,-0.890065;-0.348427
1,3,1785598322.177340,1.308895,-0.614640,-0.477239,0.200718,0.193506,0.082564,0.084549,0.084579,0.006361,0.000000,3.000000,0.003954,1.111345,1.091529;-0.208929
2,3,1785598322.278051,1.307641,-0.617546,-0.480701,0.200706,0.193439,0.082329,0.084479,0.084549,0.006330,0.000000,3.000000,0.004691,1.007282,-0.948335;-0.339527
1,3,1785598322.378523,1.307498,-0.618641,-0.482243,0.200780,0.193443,0.082467,0.084533,0.084560,0.006356,0.000000,3.000000,0.001897,1.050571,1.035000;-0.180203
2,3,1785598322.477500,1.307064,-0.620029,-0.484887,0.200765,0.193389,0.082203,0.084463,0.084533,0.006320,0.000000,3.000000,0.003017,0.983465,-0.914404;-0.362035
1,3,1785598322.577373,1.306946,-0.621071,-0.486390,0.200798,0.193377,0.082203,0.084472,0.084504,0.006323,0.000000,3.000000,0.001833,1.022918,1.010009;-0.161997
2,3,1785598322.677367,1.306534,-0.622416,-0.488926,0.200785,0.193325,0.081955,0.084406,0.084472,0.006290,0.000000,3.000000,0.002900,0.993303,-0.924828;-0.362412
1,3,1785598322.777802,1.305625,-0.624798,-0.491272,0.200857,0.193314,0.082091,0.084453,0.084486,0.006316,0.000000,3.000000,0.003464,0.985477,0.976682;-0.131372
2,3,1785598322.878579,1.304399,-0.627687,-0.494519,0.200846,0.193248,0.081882,0.084388,0.084453,0.006288,0.000000,3.000000,0.004516,0.948733,-0.875314;-0.365951
1,3,1785598322.977167,1.303543,-0.629922,-0.496702,0.200919,0.193241,0.082036,0.084440,0.084469,0.006316,0.000000,3.000000,0.003240,0.950624,0.944072;-0.111412
2,3,1785598323.077350,1.302334,-0.632810,-0.499910,0.200907,0.193170,0.081822,0.084373,0.084440,0.006289,0.000000,3.000000,0.004482,0.913134,-0.831540;-0.377299
1,3,1785598323.177721,1.302284,-0.633654,-0.501172,0.200959,0.193166,0.081895,0.084404,0.084433,0.006304,0.000000,3.000000,0.001519,1.001885,0.991833;-0.141564
